location_id,name,lat,lng,type,area,daily_footfall,peak_multiplier,vibe_category,transport_infrastructure_density,road_network_complexity,commercial_activity_density,multimodal_transport_access,crowd_management_score,building_density_per_hectare,pedestrian_infrastructure_score,parking_infrastructure_score,morning_rush_footfall,mid_morning_footfall,lunch_footfall,afternoon_footfall,evening_rush_footfall,night_footfall,peak_congestion_duration_hours,weekend_variation_ratio,monsoon_impact_score,festival_crowd_multiplier,crowd_density_stress,noise_level_estimate,air_quality_impact,infrastructure_strain_score,emergency_response_accessibility,urban_heat_island_effect,business_density_score,economic_activity_index,employment_hub_score,retail_commercial_ratio,service_sector_density,informal_economy_score,land_value_impact,digital_infrastructure_score,accessibility_score,safety_security_score,waste_management_efficiency,energy_consumption_index,network_centrality_score,inter_district_connectivity,last_mile_connectivity,transport_mode_diversity,vibe_intensity,confidence_score,distance_to_hustle_center,peak_chaos_intensity,transport_stress_score,heritage_walk_accessibility,tourism_infrastructure_score,walking_tour_frequency,hashtag_trend_strength,distance_to_congestion_hotspot,congestion_impact_score,infrastructure_stress_indicator,peak_hour_chaos_prediction,is_weekend,current_month,is_monsoon,is_tourist_season,rush_hour_chaos,congestion_adjusted_chaos,contextual_vibe_intensity,original_vibe_intensity
CH_001,Churchgate Station,18.9314,72.8289,Terminus Station,Churchgate,500000,3.2,Chaotic Hustle,19.20413536,11.93424093,13.60876896,7.336898586,8.744709487,65.75205473,5.960969784,3.272625859,235573,51263,49555,47126,334073,27203,4.516923016,0.812358787,6.503573734,1.927253379,6.534744522,9.46639624,5.866072826,7.326911289,5.988580067,6.133931528,5.617463431,100,2.820801527,0.245349853,7.097546379,6.336289566,6.575938097,7.975795327,3.080104314,6.868869938,6.998631075,9.851710699,9.636598557,8.535488911,8.851032433,10.51868448,5,0.833757693,0,6.204119983,9.5,10,4.852555724,14,3.5,9823.862936,0,0,0,FALSE,5,FALSE,FALSE,4.5,4.5,2.863014998,5
CH_002,Mumbai Central,18.9689,72.8197,Major Junction,Mumbai Central,350000,2.8,Chaotic Hustle,17.43185992,9.008576551,12.41581442,2.828526399,3.373800917,83.3562003,7.296854592,3.241028693,209817,52889,54725,46682,230370,37059,3.777978851,0.888158304,4.769670092,1.786059156,4.551237678,9.352217811,8.039829149,4.094585395,6.178341264,7.781966998,6.797601996,100,5.008979925,0.419120545,4.789413223,6.116825699,5.301287757,7.382874376,5.801135383,3.223986777,4.445875759,6.788554549,9.017063778,5.659296246,4.072484351,3.005302097,3.98,0.863634157,4262.526739,5.991226076,5,0,0,0,3.5,6119.712074,0,0,0,FALSE,5,FALSE,FALSE,4.5,4.5,1.810026995,3.98
CH_003,Dadar Station,19.0189,72.8467,Junction Station,Dadar,650000,3.5,Chaotic Hustle,23.21790475,11.12670966,12.81551864,10.99323852,6.444179059,104.1493173,4.730767532,1.702036054,517563,69934,82885,108748,617539,58991,2.983023959,0.819480985,8.559970603,3.273434362,9.440344677,8.525358133,6.861765829,6.235406686,8.284895367,5.69951115,5.543511394,100,5.294804002,0.474337608,4.806036803,7.324649499,6.071838666,7.416337431,5.819134758,8.214962168,3.565997003,10,8.473849003,9.044723987,4.656134275,6.923295709,5,0.913042007,0,6.356981401,9,0,0,0,3.5,231.6162542,8.841918729,5.762878094,10,FALSE,5,FALSE,FALSE,4.5,8.478863428,4.797611218,5
CH_004,Bandra Station,19.0544,72.8409,Suburban Hub,Bandra,400000,2.9,Chaotic Hustle,7.902150095,7.845345239,10.54993115,4.793581484,4.61714048,68.12941748,4.673787909,3.504604931,193674,46561,59048,63960,329271,29095,2.874846412,0.770588991,4.817011322,1.718954846,5.687355352,7.788293438,6.267871999,4.857428702,6.229098844,8.069361315,6.299094226,100,4.802446859,0.432984304,4.339720885,7.150758195,6.985262701,2.892772779,0.156754841,4.779021589,2.853053105,8.132053494,7.537793692,9.117408723,7.733583063,5.756020714,4.1,0.991633276,3090.870362,6.064457989,5,0,0,0,3.5,1281.977709,3.590111457,0,0,FALSE,5,FALSE,FALSE,4.5,6.115550155,2.137057169,4.1
CH_005,Andheri Station,19.1197,72.8467,Major Hub,Andheri,750000,3.8,Chaotic Hustle,15.09746679,10.27522697,15.88782241,8.811142084,10,91.6729424,5.172515762,2.831613405,559019,61860,126690,121017,650489,56291,3.610681812,0.968452958,5.022396568,1.454291523,9.779332281,8.44670748,5.69452498,7.363695082,5.838250694,5.492632977,5.700661581,100,6.062816033,0.609082443,1.809966746,4.295978956,9.193986508,5.437077197,3.893149385,8.762984806,6.631012185,10,10.00502824,8.0373818,5.02525105,10.21060919,5,0.806577755,0,6.45484486,10,0,0,0,3.5,0,10,7.5,10,FALSE,5,FALSE,FALSE,4.5,9,5,5
CH_006,Kurla Station,19.0689,72.8792,Junction Station,Kurla,300000,2.6,Chaotic Hustle,16.88870428,13.0426481,22.2487911,8.399118433,1.973013606,72.67933842,5.245929334,7.705160535,114476,32331,44679,46710,230832,24059,3.390707158,0.43208238,3.353296495,1.624767712,5.078754619,8.085213957,6.952707145,2.628159936,10,6.31288722,6.0795317,100,4.395006635,0.249711746,4.760155661,6.833181804,6.493165607,6.7837604,4.75391568,5.238258495,3.13164095,6.023466296,5.244691139,5.255517045,10.22313439,7.644922681,4.81,0.82657583,1254.218615,5.892094603,9,0,0,0,3.5,4372.619638,0,0,0,FALSE,5,FALSE,FALSE,4.5,4.5,2.656574376,4.81
CH_007,Thane Station,19.1875,72.9781,Terminus Station,Thane,450000,3.1,Chaotic Hustle,17.08861976,8.86529333,24.00866948,8.102503026,6.811060633,90.78126199,6.330277912,3.94676851,252177,37067,63350,47356,390695,22555,4.154010309,0.6191956,6.095198732,2.190124761,5.61918697,9.30925554,6.902672725,7.114941305,8.763376372,6.754534352,6.362233701,100,4.846031119,0.486736777,5.308816974,8.829886483,5.675478048,6.851354531,4.6449091,4.276249551,4.643091187,9.041751872,6.991085192,7.544938275,9.18598085,7.799967564,5,0.905124288,15728.65787,6.144574208,9.5,0,0,0,3.5,15728.65787,0,0,0,FALSE,5,FALSE,FALSE,4.5,4.5,2.855571776,5
CH_008,Borivali Station,19.23,72.8567,Major Station,Borivali,320000,2.7,Chaotic Hustle,4.790026256,10.85242898,18.74413207,4.395268618,3.055741889,57.01559486,6.469028956,5.352680647,218530,35631,51528,44021,181039,27738,3.851433473,0.773640771,7.199277103,2.118912402,4.554304647,8.392054422,7.814899149,3.443361766,6.174613969,6.012693289,5.424281895,100,5.309444882,0.468879332,7.222011007,7.114631054,6.337298872,6.648686689,6.601372217,5.06022328,4.899053909,6.317909562,6.068832336,6.5183835,6.116950481,5.195014693,3.89,0.874425113,12254.78831,5.936513742,5,0,0,0,3.5,12254.78831,0,0,0,FALSE,5,FALSE,FALSE,4.5,4.5,1.763775961,3.89
CH_009,Virar Station,19.4559,72.8111,Terminus Station,Virar,280000,2.5,Chaotic Hustle,21.4002722,14.95506594,21.37354421,7.775468121,4.597217937,85.9674256,6.784637321,5.621406348,130101,23761,29007,30577,157780,18802,5.326806152,1.130974973,8.266151917,1.653110968,4.238257491,8.485569039,7.371110601,3.679627838,9.337657206,7.02434421,5.669500595,100,4.315233349,0.488082656,5.590904615,6.609480381,6.327953446,5.402288011,7.293293327,4.117240962,3.666332295,5.268737268,5.468679733,4.618217421,7.405548381,6.931754829,4.69,0.852239631,37403.48177,5.84509804,9.5,0,0,0,3.5,37403.48177,0,0,0,FALSE,5,FALSE,FALSE,4.5,4.5,2.643412745,4.69
CH_010,Ghatkopar Metro,19.0856,72.9056,Metro Hub,Ghatkopar,150000,2.8,Chaotic Hustle,14.25009961,8.388903095,14.64418615,8.3685773,1.307121442,95.59044478,5.705399244,6.123325482,78400,23168,23281,21484,126983,12235,4.252079169,0.807298879,6.63036728,1.088731052,1.571868191,7.443618205,5.877964029,1.746729217,5.853312126,5.861978271,6.631635434,100,5.026534138,0.530806194,5.773283039,7.248274198,6.999686181,10.8700707,8.63902918,2,6.224722952,2.718918407,4.111559415,5.714587824,10.78173513,7.880827739,4.3,0.985811601,4552.751235,5.62324929,7.5,0,0,0,3.5,7256.839157,0,0,0,FALSE,5,FALSE,FALSE,4.5,4.5,2.184749299,4.3
CH_011,Andheri Metro,19.1197,72.8467,Metro Station,Andheri,120000,2.5,Chaotic Hustle,16.94169276,16.65854894,17.92753284,4.031169887,1,87.56115461,8.793854556,5.224160992,54022,13876,19423,16769,68943,10881,2.826933033,0.476761691,1.691721392,2.337027509,1.178339646,7.384810973,6.150657137,1.507279598,7.181550003,3.650680409,6.27992041,100,4.205229882,0.082815229,5.576486991,5.797975703,5.967959977,6.326636797,6.645672492,3.776180414,8.80817916,3.381939481,6.016037986,9.937724417,9.467259598,3.791018338,3.79,0.850542235,0,5.477121255,5,0,0,0,3.5,0,10,7.5,10,FALSE,5,FALSE,FALSE,4.5,9,3.351982239,3.79
CH_012,Versova Metro,19.1317,72.8128,Metro Station,Versova,80000,2.2,Chaotic Hustle,9.486116303,13.02989941,21.71550479,4.880114793,1,106.4737464,8.234026737,0.890991595,34993,11167,8523,11291,54759,7758,2.959076408,0.700557207,1.632105665,2.296670962,0.732279831,6.592575252,6.928330089,0.739634901,9.661861073,7.650080356,5.357050069,85.95143025,4.398875592,0.825709765,7.020116997,6.498291613,7.099538551,8.181846097,7.413848613,2,7.757388898,3.518244081,5.561518937,5.83009543,7.948861158,5.394970466,3.7,0.787598842,3806.029984,5.245512668,5,0,0,0,3.5,3806.029984,0,0,0,FALSE,5,FALSE,FALSE,4.5,4.5,1.613709922,3.7
CH_013,Airport Metro,19.0896,72.8656,Metro Station,Airport,90000,1.8,Chaotic Hustle,12.97718266,13.13441862,15.70945141,5.220930734,1,76.29704634,8.759909032,1.256922419,27756,10242,13456,14666,35050,8342,3.19439231,0.794219386,3.343263531,2.242589428,0.974265769,7.490822031,6.653961434,1.05677276,10,4.093474601,5.877911926,84.42082715,4.315154985,0.063897883,6.446776922,6.714477921,6.616274758,7.923094895,7.312773539,4.412119059,7.733436485,1.335246415,5.859376157,6.174414686,7.414381146,5.652065334,3.58,0.975693594,2666.702436,5.209515015,5,0,0,0,3.5,3880.278831,0,0,0,FALSE,5,FALSE,FALSE,4.5,4.5,1.558151594,3.58
CH_014,Dadar TT Circle,19.0189,72.8445,Traffic Junction,Dadar,200000,4.2,Chaotic Hustle,10.51512198,18.6940048,17.47438733,6.356677106,2.284684967,107.4074612,6.197354317,2.868208657,197494,24845,28907,32636,297119,19597,3.462355245,0.529447703,8.227513367,2.352584933,3.235306253,8.664478946,8.848391014,3.611223712,4.26282556,8.660451259,6.771027882,100,4.947465054,0.380908237,5.381839684,8.608580956,5.918718199,6.199848957,1.991976916,2.109267814,8.220602367,4.345267627,8.509783443,9.405134517,4.217148594,6.169560825,5,0.83610723,231.6162542,5.924279286,8.5,0,0.110251258,0,3.5,0,10,7.5,10,FALSE,5,FALSE,FALSE,4.5,9,4.915534911,5
CH_015,Bandra Kalanagar Junction,19.0656,72.8378,Traffic Junction,Bandra,180000,3.8,Chaotic Hustle,8.546053714,12.34231785,12.56509426,7.207862294,1.71622732,85.12766968,5.20282801,1.008734437,134989,22619,27359,21982,205669,12424,3.732869264,1.200850955,8.049200641,1.872597067,2.559682917,9.003825117,6.359640566,2.870138982,4.192139697,6.635497565,6.40892032,100,5.204444695,0.293491123,2.851233441,8.007915928,6.480069253,6.548766985,2.511239233,2.04353077,7.186745077,3.280968995,8.297469782,8.57249952,3.743239287,5.693203148,5,0.941679137,3157.520372,5.835056102,8.5,0,0,0,3.5,0,10,7.5,10,FALSE,5,FALSE,FALSE,4.5,9,4.904382013,5
CH_016,Andheri Subway,19.1197,72.8467,Traffic Junction,Andheri,220000,4.5,Chaotic Hustle,8.644486741,14.43146053,7.341416343,7.295393386,2.117445674,49.83681624,3.645975971,6.304442324,213977,26821,34120,31077,178075,21574,3.961279767,1.206531054,7.131256633,1.95337129,2.7339866,8.756122799,7.510344551,4.142994409,4.411728577,7.649970432,5.760438238,100,6.238824173,0.484476639,7.648048556,7.883417418,6.176179727,4.776654542,4.823538749,2,3.141035487,4.011905903,7.364689189,9.174497325,6.06057888,6.905919251,5,0.815978046,0,5.995635195,8.5,0,0,0,3.5,0,10,7.5,10,FALSE,5,FALSE,FALSE,4.5,9,4.924454399,5
CH_017,Mahim Causeway,19.0378,72.8378,Traffic Junction,Mahim,160000,3.5,Chaotic Hustle,5.734201716,17.30938552,11.49244982,6.544175747,2.01815461,69.59489874,4.233966112,3.914017819,89645,14528,25707,27807,144341,14801,2.856061592,1.112614789,8.672758225,1.70605461,1.193241345,9.403618698,8.485893842,1.424516748,4.781059149,7.647736381,6.46535985,100,5.009499533,0.495734778,3.252413519,9.210419169,6.835312094,5.556898031,3.197749797,2,3.112060429,4.215538981,6.799639426,5.842401227,5.072918675,5.826628846,5,0.979208715,2292.30948,5.748188027,8.5,1.610459618,1.536819873,3,3.5,2207.78763,0,0,0,FALSE,5,FALSE,FALSE,4.5,4.5,2.681023503,5
CH_018,Worli Sea Link Plaza,19.0134,72.8111,Traffic Junction,Worli,140000,3.2,Chaotic Hustle,9.310817246,17.97858717,7.964953523,6.203231527,1.695943267,82.86873572,4.212178209,3.907725644,79779,16154,19822,22093,125668,10408,3.129702525,1.187184564,8.449508502,1.767594743,2.222967451,8.504332031,8.706182968,2.383275858,4.197206762,8.823474442,6.828393098,100,5.637917733,0.384759847,2.527059427,8.589588395,6.13708003,4.399227592,7.805763877,2,7.069212321,3.810364498,7.238724975,5.483196051,5.188904586,6.453594579,4.86,0.958316795,3797.157279,5.651278014,8.5,0.011310503,1.003770168,1.5,3.5,3568.726894,0,0,0,FALSE,5,FALSE,FALSE,4.5,4.5,2.594180279,4.86
CH_019,Powai Junction,19.1197,72.9056,Traffic Junction,Powai,100000,2.8,Chaotic Hustle,3.024632972,16.07526099,10.70099465,8.103520193,1,63.72152707,3.407527349,5.459222418,68230,11423,12185,15413,61097,6912,2.984058538,1.081714072,11.88729443,1.443200396,1.685440643,9.013038106,7.16123973,2.314896884,7.49319831,9.640180415,6.446572,100,3.700064018,0.839462779,4.747793083,9.097723744,6.06595072,8.632068169,5.981764734,2,7.477703535,1.325572483,6.65058484,5.630635453,3.274575489,6.345881494,4.97,0.902732296,6197.251313,5.447158031,8.5,0,0,0,3.5,6197.251313,0,0,0,FALSE,5,FALSE,FALSE,4.5,4.5,2.627534385,4.97
CH_020,Nariman Point,18.9269,72.8228,Business District,Nariman Point,300000,2.5,Chaotic Hustle,5.22979534,13.68139276,22.24654704,8.530010542,3.400386232,107.7376736,8.78123142,8.350989094,168435,44404,65580,55004,113198,11302,3.041125215,0.329743574,3.989333078,0.867041011,3.074790679,8.763374248,5.851665907,3.977588908,8.609885012,8.066433587,10,100,9.718435919,0.11698362,8.854830782,2.852723464,9.071465182,9.147650397,8.150311578,3.872410169,8.223180947,10,11.01033166,7.840824659,7.085812903,7.15108336,4.38,0.970937114,813.0116394,5.875061263,6,0,1.157952779,0,3.5,10436.89149,0,0,0,FALSE,5,FALSE,FALSE,4.5,4.5,2.088719208,4.38
CH_021,Bandra Kurla Complex,19.0656,72.8678,Business District,BKC,250000,2.3,Chaotic Hustle,5.253131308,6.525282584,28.44552625,8.202689008,2.789777639,71.75376022,7.168239969,8.952234786,150559,32066,46568,50351,79615,6875,2.190073282,0.279977493,6.196091887,0.545546488,3.025905822,7.067695308,9.008954753,3.464114336,7.903967261,7.718338555,10,100,8.402096211,0.088337268,8.689909323,3.432690037,10,8.440548343,9.922277746,4.442165294,8.548257569,8.8547484,8.197762942,7.820376326,5.332242509,6.474063349,4.32,0.86628368,0,5.759667845,6,0,0,0,3.5,3157.520372,0,0,0,FALSE,5,FALSE,FALSE,4.5,4.5,2.047644127,4.32
CH_022,Lower Parel Office District,19.0134,72.8333,Business District,Lower Parel,200000,2.2,Chaotic Hustle,4.158167767,2.871358597,15.72350493,8.378299988,2.549809953,109.1087225,9.077703571,7.59228166,85986,35745,41184,34054,58803,6523,2.814618981,0.429452172,6.367632805,0.686096179,3.254447238,7.690518353,6.058459365,2.94679664,10,8.102407593,10,100,8.998067811,0.055618452,7.017308063,2.687806848,10,9.103687453,6.629330501,3.684239773,9.020608936,7.138082507,8.285693245,5.582093443,5.777214695,8.373633797,4.29,0.82293023,1536.534261,5.643452676,6,5,2,5,3.5,1327.048225,3.364758873,0,0,FALSE,5,FALSE,FALSE,4.5,6.014141493,2.28078698,4.29
CH_023,Andheri MIDC,19.1197,72.8467,Industrial Area,Andheri,150000,1.8,Chaotic Hustle,8.068450748,11.95539429,13.46308328,4.964846932,2.553670816,87.09688355,5.938074263,6.529806177,53495,18335,23939,21461,66434,10634,3.164877651,0.758572833,4.679333856,1.895784521,3.087503615,7.175144462,9.05604482,1.69711882,5.977382514,9.296871751,6.045585534,100,9.660216619,0.522713599,1.606586178,5.429336558,7.113362999,7.344573444,2.200430346,2.705913872,6.23326723,3.091170824,4.91329492,9.007763201,7.39640031,5.540436108,3.76,0.895173319,0,5.431363764,5,0,0,0,3.5,0,10,7.5,10,FALSE,5,FALSE,FALSE,4.5,9,3.321148194,3.76
CH_024,Powai IT Hub,19.1197,72.9056,IT District,Powai,120000,1.9,Chaotic Hustle,7.598107662,9.29321008,11.61687237,3.658131441,1,80.94857285,7.384699341,3.637455922,43734,17251,23634,19087,53344,10857,3.044144786,0.344752107,8.012382443,1.404024634,1.686852174,7.486435606,5.537866629,0.975068888,6.817208585,6.818301246,5.901156562,100,10.36768237,0.190546999,8.52019916,4.330211771,7.179973376,7.956678136,4.600864122,2,6.568161033,2.076000216,4.344402846,5.863633827,3.590288971,4.037838086,3.66,0.980158588,6197.251313,5.357934847,5,0,0,0,3.5,6197.251313,0,0,0,FALSE,5,FALSE,FALSE,4.5,4.5,1.606551039,3.66
CH_025,Goregaon IT Park,19.1556,72.8489,IT District,Goregaon,100000,1.7,Chaotic Hustle,4.212684289,10.41618824,11.61291288,4.270386065,1,111.9879269,5.454134582,5.722074787,28696,13051,18182,12582,38383,7089,3.763667289,0.265582207,2.201797444,1.480827783,1.835593166,7.487981809,8.422149836,1.837893125,7.431855814,5.828387683,6.751559952,95.24647962,8.593616129,0.135181879,6.479250103,7.07530171,7.746013481,7.467291957,4.061127124,2,4.540085889,2.326673728,5.98861999,5.978409593,4.554043372,5.21239981,3.46,0.9520207,3980.639047,5.230448921,5,0,0,0,3.5,3980.639047,0,0,0,FALSE,5,FALSE,FALSE,4.5,4.5,1.507733832,3.46
CH_026,Zaveri Bazaar,18.9467,72.8342,Gold Market,Zaveri Bazaar,80000,2.8,Chaotic Hustle,5.37204537,9.170018532,26.10560664,5.335317203,1.623487342,72.9084875,4.640402956,7.620228094,38584,9539,15289,15024,54302,5455,3.617556329,0.644330246,5.714504201,1.331768002,0.196830482,7.611849078,6.721222929,0.390858658,6.739638258,5.392348644,9.666636503,74.98309541,4.577393349,0.842523438,2.75616485,1.512877559,6.661729744,8.326238556,3.541601364,2,7.561667828,1.46466384,6.650447967,5.841654737,4.777543481,4.060000526,3.47,0.847136809,1783.212981,5.350248018,5,10,3,10,3.5,8065.215771,0,0,0,FALSE,5,FALSE,FALSE,4.5,4.5,1.522484016,3.47
CH_027,Crawford Market,18.9467,72.8342,Wholesale Market,Fort,100000,3.2,Chaotic Hustle,5.931568883,6.303060506,21.4720819,3.680840564,1,74.63432263,6.510158792,4.589886502,67742,9459,15942,13951,75697,9254,3.658059657,0.925212089,6.889154203,2.021242692,2.263838584,8.244414873,3.427516473,1.130518789,6.969951385,4.846667253,10,91.30880263,6.513818009,0.872754009,6.004056248,5.755628082,6.547609651,6.392512445,5.125099115,2,8.04940583,1.757992805,7.317183015,6.627247646,7.292775962,6.2937684,4.3,0.876151896,1783.212981,5.505149978,5,10,3,10,3.5,8065.215771,0,0,0,FALSE,5,FALSE,FALSE,4.5,4.5,1.903303623,4.3
CH_028,Linking Road Market,19.0544,72.8267,Shopping Street,Bandra,90000,4.5,Chaotic Hustle,1.889671523,8.070529825,27.07766009,4.849353045,1,63.1491533,8.728601706,6.999685822,30457,10214,16275,16208,142419,5918,3.391583908,2.187611047,3.733879462,3.169731444,1.633573607,7.27714922,4.682541277,0.930660243,6.744830447,9.474642569,8.15733735,81.04794155,4.913200185,0.784465305,6.590354457,6.550784017,6.231404692,5.158863889,4.952335085,2,6.94123836,2.508025501,6.174328982,8.816364122,8.899924011,5.357089018,4.39,0.810709235,4458.05453,5.607455023,5,0,0,0,3.5,1703.519498,1.482402511,0,0,FALSE,5,FALSE,FALSE,4.5,5.16708113,2.071507635,4.39
CH_029,Hill Road Market,19.0544,72.8267,Shopping Street,Bandra,85000,4.2,Chaotic Hustle,7.259268459,8.623779229,22.9806091,4.225701681,1.017666632,77.42587577,6.533775766,6.101423002,23794,6337,9111,25280,103043,5251,2.924239022,2.214999562,8.849658417,2.690045514,1.705035965,7.49316151,6.258088251,1.106018809,6.148924253,7.308572658,8.607593135,88.18604094,3.973733697,0.910227002,2.473836998,1.032603993,6.581071994,7.556536814,4.463214657,2,5.827828059,1.889747902,6.642073004,8.495402723,3.624088447,5.120233444,4.73,0.848104082,4458.05453,5.552668216,5,0,0,0,3.5,1703.519498,1.482402511,0,0,FALSE,5,FALSE,FALSE,4.5,5.16708113,2.225464766,4.73
CH_030,Dharavi Market,19.0378,72.8567,Local Market,Dharavi,60000,2.5,Chaotic Hustle,6.79748647,9.041295315,30.19703207,4.199944821,1,75.52062801,4.371814366,4.240336104,23068,4416,6044,7668,38329,4943,3.213663842,1.022095079,5.206618603,1.392858288,0.55110608,6.701548367,5.410461954,0.578798531,6.174697279,6.012335172,5.778104458,60.46342824,5.158523053,0.881673801,7.011376971,8.784185754,5.258326708,6.551102504,3.241777808,2,6.901934264,1.269391612,9.035734268,4.809933486,7.681836953,4.859759667,3.64,1.058973802,2342.027121,5.176091259,5,0,0.122047583,0,3.5,2454.866115,0,0,0,FALSE,5,FALSE,FALSE,4.5,4.5,1.581224305,3.64
CH_031,Mumbai Central Bus Terminal,18.9689,72.8197,Bus Terminal,Mumbai Central,120000,3,Chaotic Hustle,14.20488917,8.954636583,12.21732442,5.029966782,1.759308927,96.6480857,7.418087465,2.717434948,72280,12752,18142,15576,83575,8843,3.719315333,0.977889179,3.997435477,1.419925042,2.260705812,8.019900676,5.745535465,0.872826145,7.516958729,5.25012676,5.970284877,100,3.952543962,0.576722278,4.481947521,6.876206311,6.266630995,4.24155516,5.322582335,2,3.467773995,2.807089581,5.367802391,4.943024149,7.274816003,7.017635047,3.83,0.932096804,4262.526739,5.556302501,7,0,0,0,3.5,6119.712074,0,0,0,FALSE,5,FALSE,FALSE,4.5,4.5,1.891665964,3.83
CH_032,Borivali Bus Depot,19.23,72.8567,Bus Terminal,Borivali,80000,2.8,Chaotic Hustle,6.416698692,10.78913595,9.662420062,6.90006023,1.317015332,92.09921569,5.43808568,4.493837316,47145,10148,11980,10815,48911,6249,3.570235208,1.139780087,4.834185312,1.625342556,0.990653534,7.894381105,9.193604379,0.766425079,5.16291608,5.615552588,5.480559283,79.24755494,4.220965396,0.338215067,8.288533914,8.543388605,6.143110329,6.80647211,4.646590241,2,6.143306707,0.714669406,7.12034815,5.931712394,10.90969491,4.869272631,4.03,0.880780566,12254.78831,5.350248018,7,0,0,0,3.5,12254.78831,0,0,0,FALSE,5,FALSE,FALSE,4.5,4.5,1.969687488,4.03
CH_033,Kurla Bus Terminal,19.0689,72.8792,Bus Terminal,Kurla,70000,2.6,Chaotic Hustle,11.39378799,11.73983392,10.97434593,6.731519752,1,110.4106005,7.04820152,8.007321616,41433,5193,10595,15197,40086,3935,4.322705676,1.026142949,5.021646897,1.512365262,1.029554561,6.950925773,6.695349228,0.610112645,4.399177806,10,6.842784058,73.08879654,5.491136856,0.32519478,4.835090024,4.223430868,6.100043497,5.043190857,9.137889151,2.78182444,5.629369311,0.415247337,10.32701898,5.983160428,3.83476902,6.771413323,3.82,0.951579699,1254.218615,5.260071388,7,0,0,0,3.5,4372.619638,0,0,0,FALSE,5,FALSE,FALSE,4.5,4.5,1.858436818,3.82
CH_034,Eastern Express Highway - Sion,19.0434,72.8634,Highway Junction,Sion,50000,3.8,Chaotic Hustle,7.047792908,15.45958105,9.295121776,4.624189213,1.364039871,75.30395654,4.214819783,5.145017261,32339,6458,8597,8984,34001,3931,4.070550196,0.757297959,9.426583896,1.79430279,0.349475246,9.124391696,8.631442893,0.698771085,4.413340945,8.152598821,5.891506219,39.91151603,5.516698301,0.207425274,3.694226211,3.064058518,7.173887928,7.489216593,3.170641874,2,5.714145504,1.5494785,5.939505,5.095354298,3.582662395,4.987573277,4.48,0.873430221,2500.64026,5.278753601,8,3,2,3,3.5,3363.547817,0,0,0,FALSE,5,FALSE,FALSE,4.5,4.5,2.293620403,4.48
CH_035,Western Express Highway - Bandra,19.0544,72.8378,Highway Junction,Bandra,45000,3.5,Chaotic Hustle,13.9506928,7.952909154,15.09292509,6.434035206,1,88.02708146,4.193620014,5.031867666,33186,4789,6863,5929,29897,4080,3.157737093,0.810658806,6.845529839,2.076436447,0.153347288,9.360015989,7.57883106,1.128841073,5.741724313,9.966468249,6.148166695,38.82126819,5.886928451,0.403280471,4.552997783,4.984508524,6.629070666,4.035369013,3.204199096,2,8.327818199,0.773125972,7.70301243,8.445527746,6.283941369,5.417569995,4.92,0.931469008,3392.286434,5.197280558,8,0,0,0,3.5,1239.75923,3.80120385,0,0,FALSE,5,FALSE,FALSE,4.5,6.210541733,2.845500122,4.92
CH_036,LBS Road - Kurla,19.0689,72.8792,Highway Junction,Kurla,40000,3.2,Chaotic Hustle,13.82346432,14.07903499,14.69786412,5.331149775,1,93.79902318,2.782300945,4.801086858,30901,5475,7624,6743,33402,3058,4.382582758,0.848968732,7.244711556,1.730514867,0.298048708,9.362745537,6.572130854,0.775452811,5.933129681,10,6.28286367,34.87053517,6.187525868,0.582814571,4.134391404,5.949027127,6.360791647,4.465738267,4.54286838,2,6.289622286,0.906440364,7.117144861,5.93239863,3.206302609,3.617538651,4.36,0.89975263,1254.218615,5.10720997,8,0,0,0,3.5,4372.619638,0,0,0,FALSE,5,FALSE,FALSE,4.5,4.5,2.213485887,4.36
CH_037,Phoenix Mills Lower Parel,19.0134,72.8333,Shopping Mall,Lower Parel,60000,5.2,Chaotic Hustle,5.615077018,8.446147639,23.61332525,5.19978379,1.014136112,106.3334983,7.693901254,8.618047648,15295,3956,11839,15055,71037,3573,5.771359236,1.855529948,3.700276313,2.798446011,0.233507125,4.388755833,4.485672841,0.083788628,9.102758977,5.985124622,10,59.08233713,7.18237384,0.849068427,5.165382708,3.008138058,8.5265454,8.843617781,6.1486217,3.372814909,4.791126009,2.741426052,5.276720114,5.165668402,5.820376695,6.182869541,4.13,0.846622947,1536.534261,5.494154594,5,5,2,5,3.5,1327.048225,3.364758873,0,0,FALSE,5,FALSE,FALSE,4.5,6.014141493,2.077057636,4.13
CH_038,Infiniti Mall Malad,19.1875,72.8356,Shopping Mall,Malad,45000,4.8,Chaotic Hustle,4.351029886,6.572275781,14.5655369,6.115171709,1,84.6938479,10.19678381,8.314434752,10120,5051,7528,11947,44576,2729,6.02652481,1.965140958,3.94579137,2.610734847,0.960791824,4.831667489,5.650074866,0.961588965,8.889129576,5.499719844,6.712701968,45.92135562,7.433175948,0.73703016,3.652250141,4.253821154,7.728989813,8.653637966,6.885667119,2.406171539,7.364259364,1.254193381,5.486129776,5.698744615,6.336879139,6.384499275,4.16,0.863483745,7595.339049,5.334453751,5,0,0,0,3.5,7595.339049,0,0,0,FALSE,5,FALSE,FALSE,4.5,4.5,1.82358319,4.16
CH_039,Atria Mall Worli,19.0134,72.8189,Shopping Mall,Worli,40000,4.5,Chaotic Hustle,8.228835807,2.501720818,24.80415781,4.65564825,1,92.58472998,7.806219136,8.427196126,8655,4766,7077,9852,61543,2159,6.120634585,1.816811638,3.064071341,2.628396165,0.176863961,5.441034938,4.307651423,0.511818068,9.730462201,4.749938406,8.908179387,45.53761316,7.889582805,0.772190641,3.452175893,2.937212788,7.440822455,8.863872419,8.11592693,2,7.764979993,1.709138772,9.083183686,6.839664023,6.607036761,5.623180957,4,0.898551827,2989.483499,5.255272505,5,0,0.158072138,0,3.5,2763.119954,0,0,0,FALSE,5,FALSE,FALSE,4.5,4.5,1.745527251,4
CH_040,Chembur Station Area,19.0634,72.8978,Station Area,Chembur,180000,3.2,Chaotic Hustle,9.034699114,9.198338907,19.33281291,4.251859048,1,72.26506501,4.087090112,2.560080534,130000,22074,19358,30281,128979,12170,3.346587578,0.908571088,8.786772126,1.818445958,2.529020661,7.890506219,6.890860442,2.412877348,6.723809471,6.937776335,7.067527038,100,6.264232407,0.687675019,7.482707412,8.434758052,6.325947313,8.218372334,5.133127058,3.104465512,7.443755737,2.860679425,4.876033305,5.614848823,9.56678432,5.537011599,3.74,0.780538975,3166.918135,5.760422483,5,0,0,0,3.5,6319.776057,0,0,0,FALSE,5,FALSE,FALSE,4.5,4.5,1.679299502,3.74
CH_041,Mulund Station Area,19.1689,72.9456,Station Area,Mulund,160000,3,Chaotic Hustle,6.960899217,8.022908093,16.48890462,4.074221715,1.665475506,85.34388729,6.944337146,2.389153679,84379,20425,22865,22981,124456,13013,2.678341573,0.488111806,3.929380665,2.027556589,2.886091018,8.758670528,9.004600829,0.772917542,7.648046617,7.398829827,7.584436772,100,4.471513375,0.582585659,6.668399603,7.751788804,6.077833816,4.845297962,6.487540046,2,4.734677313,3.175708626,7.660655488,5.98617829,7.830561028,3.187978511,3.71,0.85924702,11743.56417,5.681241237,5,0,0,0,3.5,11743.56417,0,0,0,FALSE,5,FALSE,FALSE,4.5,4.5,1.658485125,3.71
CH_042,Ghatkopar Station Area,19.0856,72.9056,Station Area,Ghatkopar,200000,3.4,Chaotic Hustle,7.195108581,17.58400515,25.78219769,5.849369883,2.754493074,62.51082795,6.599161674,6.00316906,150785,18349,34369,34190,184098,15694,2.916268012,0.483525908,6.645290898,2.221777824,2.575521263,7.870329376,6.564869357,2.971716244,6.672475776,6.58656838,7.356943115,100,5.474433373,0.566007117,4.55537545,7.382820088,6.339358234,9.486127021,6.930323592,3.29467898,5.367034607,4.006198245,3.335703037,6.622414689,6.035841608,4.274757695,3.93,0.901966348,4552.751235,5.832508913,5,0,0,0,3.5,7256.839157,0,0,0,FALSE,5,FALSE,FALSE,4.5,4.5,1.771694001,3.93
CH_043,Kandivali Station Area,19.2056,72.8489,Station Area,Kandivali,140000,2.9,Chaotic Hustle,6.458175498,12.73466206,24.45293465,5.180801376,1.651309223,69.60224637,8.133962483,2.608786186,82574,16923,24341,21740,116363,9016,3.441145747,0.515132796,7.075402321,2.270727133,1.227999305,8.16072469,8.528838317,2.286035153,9.315915597,6.911895857,7.128792999,100,4.747572739,0.390518748,8.142943647,9.721827842,5.73340222,6.829036479,3.810139373,2.010607507,5.97296786,2.809847237,6.695151011,5.876946075,6.886237055,5.714768189,3.7,0.734526112,9511.432088,5.608526034,5,0,0,0,3.5,9511.432088,0,0,0,FALSE,5,FALSE,FALSE,4.5,4.5,1.647288658,3.7
