location_id,name,lat,lng,type,area,instagram_tags,aesthetic_score,vibe_category,trendy_cafe_density,scenic_infrastructure_score,cultural_venue_density,lifestyle_shopping_density,photo_infrastructure_score,social_gathering_density,creator_accessibility_score,natural_lighting_score,posts_per_day,stories_per_day,reels_per_day,influencer_visits_per_month,hashtag_diversity_score,viral_potential_score,weekend_engagement_multiplier,golden_hour_activity_boost,wifi_quality_score,selfie_spot_density,instagrammability_score,tiktok_trend_potential,food_photography_score,fashion_photography_score,check_in_frequency,geotagging_popularity,peak_posting_hours,seasonal_popularity,weather_dependency,festival_boost_score,content_variety_score,professional_shoot_suitability,user_generated_content_rate,brand_collaboration_potential,creator_parking_score,equipment_friendly_score,crowd_management_for_shoots,permits_required_score,vibe_intensity,confidence_score,distance_to_gram_hotspot,virality_potential,content_creation_score,golden_hour_appeal,heritage_walk_accessibility,tourism_infrastructure_score,walking_tour_frequency,hashtag_trend_strength,beach_hashtag_potential,nightlife_hashtag_potential,food_hashtag_overlap,distance_to_congestion_hotspot,congestion_impact_score,infrastructure_stress_indicator,peak_hour_chaos_prediction,is_weekend,current_month,is_monsoon,is_tourist_season,golden_hour_boost,social_weekend_boost,contextual_vibe_intensity,original_vibe_intensity
DG_001,Marine Drive,18.9436,72.8228,Scenic Promenade,Marine Drive,450000,9.5,Do it for the Gram,4.103745626,9.105307736,2.836029031,4.585483571,8.840771616,6.192820244,7.025657061,9.799863811,2095,5648,600,26,7.574434451,9.298996582,1.686145726,3.585329064,5.874800852,10,5.980172628,4.218018437,6.301508128,7.085475141,889,5.676744962,"06:00-08:00, 17:00-19:00",0.600737649,8.661450039,2.403334833,8.68791011,8.476669952,115,5.177443916,5.057464244,8.351463795,7.799802118,-0.328849823,5,0.927524179,0,7.191928087,9,10,7,3.502884467,7,6.5,7,6,2.1,8642.654228,0,0,0,FALSE,5,FALSE,FALSE,1.8,1,3.973991011,5
DG_002,Bandra Bandstand,19.0544,72.8181,Seaside Promenade,Bandra,380000,9.2,Do it for the Gram,6.097141173,5.057737303,11.05274984,7.229141923,7.978008157,7.739302878,6.356587525,10,742,3359,350,22,3.817142435,7.757009853,1.607363665,1.571407832,6.545894692,7.667384457,5.033402188,7.405624301,2.681387999,8.927541306,1361,5.305675186,16:00-19:00,0.277891752,4.749969976,1.927763277,8.079087607,8.377615186,93,3.61782148,4.125779459,1.351981872,3.343942787,3.936096619,4.6,0.908941593,0,7.027870844,6,4,0,0,0,6.5,7,6,2.1,2415.872164,0,0,0,FALSE,5,FALSE,FALSE,1.8,1,2.740205147,4.6
DG_003,Carter Road Promenade,19.0544,72.8181,Waterfront Walk,Bandra,320000,8.8,Do it for the Gram,4.515572865,2.137534347,6.046065012,11.79450622,7.323328675,6.64880116,6.863000139,7.925371887,1233,2601,519,31,5.983512831,7.029617441,1.432792234,1.817882212,5.584634363,8.259556485,5.13858299,6.186477012,4.310743992,5.252770258,900,4.980607328,16:00-19:00,0.205943166,3.675438488,2.247533244,7.267323364,7.956179393,107,5.134365393,2.666349241,4.375364866,5.262968733,5.610586971,4.33,0.954825071,0,6.823090801,6,10,0,0,0,6.5,7,6,2.1,2415.872164,0,0,0,FALSE,5,FALSE,FALSE,1.8,1,3.076799579,4.33
DG_004,Worli Sea Face,19.0134,72.8111,Sea View,Worli,280000,8.5,Do it for the Gram,5.733813173,10.27736381,0.948427641,9.602319444,6.827376775,4.68861542,5.814141132,6.891178482,673,1774,304,28,6.977465239,6.43006506,1.946870692,3.189204085,8.248201197,8.375467732,5.55518146,7.818212124,3.701326839,8.205027738,969,5.123448072,16:00-19:00,0.680641381,6.094061246,1.268583318,5.81855394,7.163067909,104,7.383314149,3.308398075,5.422896799,2.181468575,3.127346894,5,0.79412436,3104.57417,6.668295749,6,10,0.011310503,1.003770168,1.5,6.5,7,6,2.1,3568.726894,0,0,0,FALSE,5,FALSE,FALSE,1.8,1,3.533536969,5
DG_005,Juhu Beach,18.9896,72.8267,Beach,Juhu,500000,8.9,Do it for the Gram,3.49490271,8.887093458,0.987225885,5.831483326,8.85473137,7.648847101,3.831789036,8.703883677,1650,4809,819,56,6.732390935,10,2.105640939,3.818013176,2.439616141,10,6.989510033,7.6447059,6.462256581,7.615456932,2035,5.76047179,17:00-20:00,0.585618208,8.491697039,2.319502521,7.932366202,9.163592407,88,7.781928076,5.097466388,5.857575564,3.547159781,6.487016507,5,0.998844072,0,6.979382524,9.5,10,0,0,0,6.5,7,6,2.1,3745.837476,0,0,0,FALSE,5,FALSE,FALSE,1.8,1,4.009922815,5
DG_006,Versova Beach,19.1317,72.8128,Beach,Versova,220000,7.8,Do it for the Gram,9.504329335,8.262195074,5.532708737,7.340326198,7.538652968,8.015237246,7.259364798,8.402207267,838,2049,349,52,8.14284249,9.796986687,2.67008627,3.801295694,1.445270689,8.712968596,6.3968173,6.174679474,7.555735077,9.361126717,1479,5.048904661,17:00-20:00,0.508875507,8.984587727,2.030516177,7.311977998,8.831800991,204,5.695077491,4.88743438,6.804906678,4.002680974,5.114768918,5,0.773714195,8574.741169,6.325454793,9.5,10,0,0,0,6.5,7,6,2.1,3806.029984,0,0,0,FALSE,5,FALSE,FALSE,1.8,1,3.928181849,5
DG_007,Aksa Beach,19.1756,72.7967,Beach,Malad,150000,7.5,Do it for the Gram,3.454752548,9.91466381,3.650320546,5.841153232,6.862400518,8.566902688,6.111583791,8.773565948,637,1431,232,49,8.565817481,9.982311729,2.443437942,3.125675379,4.784564888,9.032903831,5.853650952,9.565672053,7.373123595,7.003871876,1535,5.830302909,17:00-20:00,0.734224524,9.461649797,2.234635047,8.183688572,7.713719179,154,6.077514889,5.294395487,7.526278015,7.977284945,6.051571443,5,0.968299004,13603.69158,6.105656493,9.5,10,0,0,0,6.5,7,6,2.1,8121.308604,0,0,0,FALSE,5,FALSE,FALSE,1.8,1,3.900707062,5
DG_008,Madh Island Beach,19.1317,72.7883,Beach,Malad,80000,7.2,Do it for the Gram,7.601316747,8.932305462,6.836777353,4.312838744,7.105738848,7.006787228,3.95742886,8.484176386,217,1166,187,48,5.271748725,8.93894024,2.252691622,3.867207545,5.076103438,9.19411085,6.209028126,8.420714802,6.215865521,7.897947935,1204,5.603700585,17:00-20:00,0.402893486,8.179713018,2.000957366,7.703310344,7.086724169,145,4.631846842,5.496919433,6.552578146,5.042157179,6.837040239,5,1.016672666,9113.139921,5.821857249,9.5,10,0,0,0,6.5,7,6,2.1,6286.362598,0,0,0,FALSE,5,FALSE,FALSE,1.8,1,3.865232156,5
DG_009,Candies Bandra,19.0544,72.8267,Trendy Cafe,Bandra,180000,8.7,Do it for the Gram,8.832477402,5.201646481,4.231710022,10.39968674,7.000718802,10,6.105151257,9.943826192,1133,2178,423,51,3.80858528,6.937606629,1.759041325,1.269564758,8.013028896,7.275147922,5.795993702,7.10952848,7.388412156,5.160959939,1117,4.935577064,"09:00-11:00, 15:00-17:00",0.431052155,4.014045975,2.492184719,9.046802986,7.843179165,175,7.486207238,3.486196431,2.766931575,5.914901416,4.589676617,5,1.045388443,905.2166089,6.633164951,8.5,4,0,0,0,6.5,7,6,2.1,1703.519498,1.482402511,0,0,FALSE,5,FALSE,FALSE,1.8,1,3.241645619,5
DG_010,Pali Village Cafe,19.0656,72.8289,Boho Cafe,Bandra,220000,9,Do it for the Gram,9.557470357,7.429283414,8.404324326,11.78054113,6.795948908,7.950646525,7.715624043,8.14753666,477,1844,334,24,8.788566078,6.047410995,1.570566284,1.979256359,6.104102266,8.865824745,6.196707088,4.382847089,1.979369747,6.377171979,897,5.574455033,16:00-19:00,0.337055521,0.927188398,1.919302024,6.727835994,8.731214547,99,3.061369006,7.296799469,6.425370849,5.196445959,7.23855828,4.6,0.907505408,1682.020591,6.805454793,6,4,0,0,0,6.5,7,6,2.1,936.7310449,5.316344776,0.221441343,0.442882686,FALSE,5,FALSE,FALSE,1.8,1,2.714627301,4.6
DG_011,The Pantry Kala Ghoda,18.9269,72.8324,Artsy Cafe,Kala Ghoda,150000,8.5,Do it for the Gram,5.773134768,4.241586493,8.511123483,4.149380707,7.147101896,5.962429783,3.258804333,8.515969006,325,716,176,22,7.235751398,6.610177958,1.166845974,1.9007464,7.623573091,7.748624934,4.671071127,8.996490599,4.773285365,4.041428191,552,4.767316657,16:00-19:00,0.203203012,4.387733148,2.517710835,4.079368039,7.515471019,118,4.456777337,8.989476921,6.630330651,5.175877587,5.077570881,4.45,0.895434512,0,6.505656493,6,4,8.416965755,4.098793775,17.5,6.5,7,6,2.1,10263.05138,0,0,0,FALSE,5,FALSE,FALSE,1.8,1,2.592754285,4.45
DG_012,Cafe Mocha Multiple,19.0544,72.8267,Coffee Chain,Multiple,200000,7.8,Do it for the Gram,3.520949393,4.07730895,1.368921671,5.936390489,7.102957747,5.58394837,3.323088915,7.730920917,423,935,165,23,6.972764422,6.723281585,1.225761368,2.287630839,2.901336655,5.302198967,5.072416334,4.392232779,4.048712114,3.571538714,1057,4.98907249,16:00-19:00,0.345074869,4.33181552,1.243245352,7.090727125,7.119417319,127,9.575453552,4.694625952,5.335110575,8.434905365,8.589119518,4.02,0.797369646,905.2166089,6.3006193,6,4,0,0,0,6.5,7,6,2.1,1703.519498,1.482402511,0,0,FALSE,5,FALSE,FALSE,1.8,1,2.32161224,4.02
DG_013,Social Bandra,19.0544,72.8267,Co-working Cafe,Bandra,280000,8.9,Do it for the Gram,15.73025173,6.561788132,11.21497692,12.41948999,6.543168418,10,6.318579125,7.97964741,713,1850,373,27,6.327953594,6.532081794,1.435954818,1.980675419,8.405738415,7.327216846,5.982939531,4.590017744,5.230376222,2.60533609,1080,5.011351856,16:00-19:00,0.190741183,3.923280507,2.175372236,5.41973666,7.695699271,98,1.076545788,8.79818976,5.721445584,8.395757148,4.344575561,4.43,0.774795371,905.2166089,6.828295749,6,4,0,0,0,6.5,7,6,2.1,1703.519498,1.482402511,0,0,FALSE,5,FALSE,FALSE,1.8,1,2.616833754,4.43
DG_014,Social Lower Parel,19.0134,72.8333,Co-working Cafe,Lower Parel,250000,8.6,Do it for the Gram,12.36306192,1.871156898,0.673907174,5.524897936,7.250668305,10,7.368984584,6.242964731,765,1971,257,28,4.682232185,5.99455371,1.691151631,1.489558104,6.526289418,7.459142143,5.657681072,5.178687966,3.743752204,4.3893505,929,5.390177135,16:00-19:00,0.124348595,6.407293,1.41892999,7.221248906,7.667322694,107,4.86235711,5.433336201,6.513001556,6.071787744,5.875727591,4.1,0.88006411,2724.583706,6.678765048,6,4,5,2,5,6.5,7,6,2.1,1327.048225,3.364758873,0,0,FALSE,5,FALSE,FALSE,1.8,1,2.406573417,4.1
DG_015,Monkey Bar,19.0544,72.8267,Trendy Bar,Bandra,190000,8.4,Do it for the Gram,8.393114605,5.539611342,11.43540422,10.61647778,8.228669053,6.637061398,8.279032667,8.195872478,506,1549,378,21,5.483533883,6.271930015,1.848317939,1.987281195,4.380517015,7.859703895,5.743353768,8.091049484,1.664817879,3.966328979,910,5.269633435,16:00-19:00,0.237668317,4.959676006,1.907594676,5.061814237,8.333897887,109,6.65710384,8.438993487,9.602786515,7.857492391,7.02253663,4.49,0.808167019,905.2166089,6.527253532,6,4,0,0,0,6.5,7,6,2.1,1703.519498,1.482402511,0,0,FALSE,5,FALSE,FALSE,1.8,1,2.618484209,4.49
DG_016,The Sassy Spoon,18.9314,72.8311,Trendy Restaurant,Multiple,160000,8.2,Do it for the Gram,6.151531359,6.814716292,2.313720351,4.992934419,6.40879998,4.100700441,5.659527941,6.676767304,272,714,136,20,7.870626527,7.049128145,1.462453179,1.792097079,3.551994083,8.304901123,4.442554392,9.752393365,4.071113814,3.574882392,958,6.08302192,16:00-19:00,0.385892386,3.844958004,1.125931688,6.215705897,6.861440671,107,3.848508537,4.392403487,5.059776951,6.255741316,3.241212728,4.11,0.806978411,516.5906931,6.402473618,6,4,10,4.550022991,21,6.5,7,6,2.1,9787.786293,0,0,0,FALSE,5,FALSE,FALSE,1.8,1,2.384054164,4.11
DG_017,Kala Ghoda Art District,18.9269,72.8324,Cultural District,Kala Ghoda,350000,9.1,Do it for the Gram,6.699127916,6.053525975,16.18294185,3.509522613,7.747719398,8.855156102,6.751351882,5.271851184,749,1230,282,41,9.316836462,7.204777639,1.858937547,1.365520594,4.745483986,9.534703021,5.603363832,6.018822007,7.273965597,8.581896391,1090,6.459048945,"10:00-12:00, 16:00-18:00",0.142815916,5.507895449,4.93040695,8.077246799,8.72911928,124,6.328616431,3.610877692,3.887707578,9.55441724,5.363913767,5,1.040009162,0,6.966441571,8,4,8.416965755,4.098793775,17.5,6.5,7,6,2.1,10263.05138,0,0,0,FALSE,5,FALSE,FALSE,1.8,1,3.220805196,5
DG_018,National Gallery of Modern Art,18.9269,72.8324,Art Gallery,Fort,120000,8.3,Do it for the Gram,3.325739809,4.446923346,20.17815591,4.235806891,8.037879399,5.421886752,5.378473408,8.31292183,225,498,115,24,9.280461559,6.419172836,1.669458653,1.928093844,6.616729791,9.287571115,5.765235425,5.206173687,2.37217656,5.635909142,775,4.937469113,16:00-19:00,0.206059274,3.027973856,1.596952315,7.277887442,9.038140589,86,1.830562229,5.23900442,5.252529112,7.006149012,7.323115365,4.64,0.901431027,0,6.367510919,6,4,8.416965755,4.098793775,17.5,6.5,7,6,2.1,10263.05138,0,0,0,FALSE,5,FALSE,FALSE,1.8,1,2.687431267,4.64
DG_019,Sassoon Docks Art Project,18.9178,72.8289,Art Installation,Colaba,95000,8,Do it for the Gram,2.023224912,6.571380017,3.113193088,10.51775565,6.417328844,6.689860155,6.788644598,7.182254076,298,629,130,29,4.577558715,6.452787982,1.319811492,1.954236328,3.891886748,6.790460909,4.633342577,4.105072018,5.854970133,6.93847703,1273,4.950470584,16:00-19:00,0.385018603,9.336527826,1.072379983,5.213947915,6.931987905,58,4.686533325,9.255253389,7.82593926,6.142840526,4.597222298,4.21,0.850780049,1072.644495,6.186636906,6,4,0,1.168579424,0,6.5,7,6,2.1,11310.87633,0,0,0,FALSE,5,FALSE,FALSE,1.8,1,2.419343534,4.21
DG_020,Versova Art Village,19.1317,72.8128,Artist Colony,Versova,85000,7.9,Do it for the Gram,3.82816755,5.762611372,15.29156981,7.705809981,6.331244541,5.878569146,5.543236929,6.485632438,211,456,67,27,9.31010345,6.678126027,1.802953464,1.125231496,8.618851962,6.794391055,4.277838745,3.992416883,2.215975706,6.900761741,801,5.13892686,16:00-19:00,0.31949865,4.112401145,1.928533274,6.296685076,6.629407999,62,4.605996243,6.698358523,8.176195705,7.788651088,4.654595271,4.17,0.844118037,8574.741169,6.117654421,6,4,0,0,0,6.5,7,6,2.1,3806.029984,0,0,0,FALSE,5,FALSE,FALSE,1.8,1,2.389165473,4.17
DG_021,Chapel Road Art Galleries,19.0544,72.8267,Gallery District,Bandra,110000,8.1,Do it for the Gram,2.488988416,4.294980779,14.56903165,12.64852811,7.120282497,6.965062979,7.756690527,9.316656515,337,605,172,25,5.69186675,5.933194387,1.506461862,2.142681121,5.051905784,8.55144851,5.646968292,7.588946242,7.051076603,6.681957306,854,5.020918169,16:00-19:00,0.23121116,7.055083091,2.310729146,4.011589177,7.407680968,99,3.532081643,6.636888286,6.795436349,4.099884099,7.290811655,4.31,0.838816907,905.2166089,6.26483798,6,4,0,0,0,6.5,7,6,2.1,1703.519498,1.482402511,0,0,FALSE,5,FALSE,FALSE,1.8,1,2.485236292,4.31
DG_022,Aer Bar Four Seasons,19.0134,72.8189,Rooftop Bar,Worli,140000,9.3,Do it for the Gram,8.173171939,9.55389686,1.739025852,10.35820737,9.359799388,6.987458755,8.391678052,9.070392414,137,1333,199,73,4.981312161,10,2.427850639,3.00531244,7.556495898,9.782225676,5.667528616,6.676698369,9.40537331,5.724700484,1119,5.235483068,19:00-23:00,0.569638029,5.057348006,1.60142327,7.854936943,9.17972649,99,9.724980729,4.801432724,7.481760094,8.49349701,3.242252963,5,0.901965158,2759.515546,6.807678683,8,8,0,0.158072138,0,6.5,7,6,2.1,2763.119954,0,0,0,FALSE,5,FALSE,FALSE,1.8,1,3.600959835,5
DG_023,Asilo Rooftop,19.0656,72.8289,Rooftop Restaurant,Bandra,120000,8.8,Do it for the Gram,3.43345283,0,7.690955686,11.02612654,6.787012991,7.533199804,5.572384425,8.718809383,388,928,244,26,7.979017792,7.032416171,1.282405938,1.864357545,4.045008014,7.474646859,5.902771682,9.461120094,2.057277602,5.698462084,993,4.772668567,16:00-19:00,0.370541576,4.109353688,1.873188142,3.719233905,7.57809969,61,7.11260838,3.941492339,6.08452658,6.541174133,0.844746956,4.35,0.953690905,1682.020591,6.567510919,6,8,0,0,0,6.5,7,6,2.1,936.7310449,5.316344776,0.221441343,0.442882686,FALSE,5,FALSE,FALSE,1.8,1,2.889216812,4.35
DG_024,High Ultra Lounge,19.1197,72.8467,Rooftop Lounge,Andheri,100000,8.5,Do it for the Gram,4.586770945,1.393843823,5.120832798,8.748162237,7.262419569,4.353681478,7.987064408,6.364354313,236,603,56,26,7.27609436,6.668902063,1.443915279,2.264545334,6.407329092,7.644526372,4.767041004,4.838147326,4.130845075,4.472374521,1067,4.860744499,16:00-19:00,0.471851013,4.787940262,1.192827891,6.144549127,8.020500249,108,3.798738414,8.145682131,4.595035674,3.239057,3.282574944,4.04,0.774592219,7829.848867,6.400002606,6,8,0,0,0,6.5,7,6,2.1,0,10,3.5,7,FALSE,5,FALSE,FALSE,1.8,1,2.666400263,4.04
DG_025,Skybar Mumbai,18.9269,72.8228,Sky Lounge,Nariman Point,90000,8.7,Do it for the Gram,6.986060538,9.058765843,4.047517269,5.297258146,6.78406701,5.509463283,5.737343086,7.984403924,196,439,76,24,8.248720474,6.694156313,1.187273378,1.279876701,8.4827097,7.501887146,5.377034657,8.426202327,4.059361381,4.024651936,1043,4.848667435,16:00-19:00,0.346323178,2.657062372,1.260780611,3.816938628,7.286234284,99,9.791351232,6.591030412,6.20852499,5.240807351,7.90671251,4.17,0.801191806,1011.243858,6.452548401,6,4,0,1.157952779,0,6.5,7,6,2.1,10436.89149,0,0,0,FALSE,5,FALSE,FALSE,1.8,1,2.424078171,4.17
DG_026,Palladium Mall,19.0134,72.8333,Luxury Mall,Lower Parel,200000,8.4,Do it for the Gram,8.583966012,1.391646806,3.654490802,10.61233601,7.376449087,7.592483657,9.591288634,7.885995501,488,1243,171,41,6.122405163,5.931535524,1.588717738,2.37012816,8.577766448,7.980561784,4.778967472,2.776027815,3.345480747,8.872730935,1109,5.839563884,16:00-19:00,0.186701344,5.06601521,1.563868502,5.870492211,7.637402375,96,8.240057229,8.815490804,6.339567555,9.408313178,1.207269529,4.17,0.807467888,2724.583706,6.5406193,6,4,5,2,5,6.5,7,6,2.1,1327.048225,3.364758873,0,0,FALSE,5,FALSE,FALSE,1.8,1,2.433259562,4.17
DG_027,Phoenix Mills,19.0134,72.8333,Lifestyle Mall,Lower Parel,180000,8.2,Do it for the Gram,0.807051627,6.788154508,0.988212666,15.59961453,6.223767612,6.055746978,6.207104936,8.378633272,393,1374,145,23,6.865912409,7.238827838,1.417355833,1.129022849,3.912654601,7.345283065,5.413547933,6.19788935,3.041703988,8.305362422,986,4.867010332,16:00-19:00,0.252987907,3.992515073,1.502841831,7.558590061,7.47706056,136,4.20071085,6.210431585,7.282563096,7.206580198,6.862684336,4.14,0.833315189,2724.583706,6.433164951,6,4,5,2,5,6.5,7,6,2.1,1327.048225,3.364758873,0,0,FALSE,5,FALSE,FALSE,1.8,1,2.404632572,4.14
DG_028,Linking Road Shopping,19.0544,72.8267,Shopping Street,Bandra,160000,7.8,Do it for the Gram,2.886514062,2.063865719,11.34182094,15.67608707,6.264616139,10,3.310815694,6.338281351,1157,2597,384,23,7.547407927,6.677265466,2.390110974,1.82936432,4.662657325,6.444170579,5.1233668,6.992443,7.177284417,8.35791959,1690,5.017693366,"14:00-18:00, 20:00-22:00",0.26064195,4.827598227,3.211841229,8.630789626,7.560417176,79,6.817176275,4.927764058,2.773184224,3.466955195,6.09776555,4.79,1.015634197,905.2166089,6.242473618,6,4,0,0,0,6.5,7,6,2.1,1703.519498,1.482402511,0,0,FALSE,5,FALSE,FALSE,1.8,1,2.759336216,4.79
DG_029,Hill Road Bandra,19.0544,72.8267,Shopping Street,Bandra,140000,7.6,Do it for the Gram,6.127494948,9.049077622,12.8465238,7.77957204,5.740092541,10,6.268592061,7.241629451,461,1390,384,28,6.878365925,6.344260286,2.312370069,1.881703202,4.998063593,6.441545664,4.881992278,7.747410272,7.767957168,8.341829505,1228,5.612613693,"14:00-18:00, 20:00-22:00",0.136483547,5.253115503,2.904230376,8.847513676,7.139171893,144,8.142183315,4.475990233,2.487203451,3.12871158,2.656185873,4.64,0.870163806,905.2166089,6.127678683,6,4,0,0,0,6.5,7,6,2.1,1703.519498,1.482402511,0,0,FALSE,5,FALSE,FALSE,1.8,1,2.659610727,4.64
DG_030,Colaba Causeway,18.922,72.8331,Shopping Street,Colaba,130000,7.9,Do it for the Gram,4.884537511,3.832731927,4.245698241,20.83335667,5.983769773,9.311588744,4.897584436,6.888578012,705,2037,282,23,7.880102646,5.529411459,2.306442898,1.607007134,2.489435178,8.082243403,5.705714157,6.823653556,4.704100149,7.357654771,1063,5.317518454,"14:00-18:00, 20:00-22:00",0.295970888,3.929731246,2.228964943,7.19080648,7.118547608,123,6.840537997,6.695106005,5.89556008,4.729641932,0.223596894,4.66,0.868970725,547.3761015,6.228368016,6,4,10,3.767333917,14,6.5,7,6,2.1,10793.00522,0,0,0,FALSE,5,FALSE,FALSE,1.8,1,2.682804874,4.66
DG_031,Gateway of India,18.922,72.8347,Historic Monument,Colaba,600000,9.4,Do it for the Gram,3.586345336,2.848630348,3.034163689,13.99276388,8.522434439,6.444958371,5.467596407,8.047614623,1977,2794,423,49,7.8888051,10,1.298891204,2.488295678,6.230332288,10,7.043736633,5.034499711,5.113093785,8.477540264,1322,5.749844261,"08:00-10:00, 16:00-18:00",0.405575913,5.974747276,2.432084278,8.03741162,9.562515888,104,8.088704319,3.646136557,3.595236026,6.102081479,7.960314171,5,0.877277148,594.0398152,7.226891185,8.5,6,10,3.54904194,14,6.5,7,6,2.1,10775.56394,0,0,0,FALSE,5,FALSE,FALSE,1.8,1,3.515861398,5
DG_032,Chhatrapati Shivaji Terminus,18.9401,72.835,Heritage Architecture,Fort,300000,9.2,Do it for the Gram,3.53873358,5.392570294,5.471039373,6.794084431,9.384138853,4.389481258,4.704873427,9.378041106,542,1475,202,21,5.020101948,6.657994056,1.215187574,2.286973192,10.34470769,9.639590626,6.03108564,3.05106902,3.164753739,8.511687329,1079,5.369374474,16:00-19:00,0.175288989,2.787716462,1.615116756,6.65371424,9.753415922,78,6.922755656,6.758683734,7.245158081,6.978950543,8.499108179,5,0.953483129,1342.140024,6.966273621,6,4,0,0.896902694,0,6.5,7,6,2.1,8779.696792,0,0,0,FALSE,5,FALSE,FALSE,1.8,1,2.970784203,5
DG_033,Taj Mahal Palace Hotel,18.9216,72.8331,Iconic Hotel,Colaba,250000,9.1,Do it for the Gram,6.367865111,4.917464727,7.344573005,11.56392353,7.116424401,5.795278924,6.629929041,5.656560684,564,2025,173,29,5.521018131,7.682045967,1.400499368,2.597378835,7.671126606,7.893820813,5.114765757,6.673328681,6.492090626,4.974975924,604,5.69292904,16:00-19:00,0.209513442,0.699109433,1.173437529,5.287309583,8.59547944,92,3.657871169,8.044388961,8.27921342,1.327880622,-0.266817019,4.28,0.840691618,591.2790685,6.878765048,6,4,10,3.795633564,14,6.5,7,6,2.1,10837.00819,0,0,0,FALSE,5,FALSE,FALSE,1.8,1,2.53362786,4.28
DG_034,Rajabai Clock Tower,18.9292,72.8317,Gothic Architecture,Fort,80000,8.4,Do it for the Gram,5.938922092,4.407344213,8.525899042,5.180687755,6.884934038,4.553728911,9.143700963,9.054162055,125,333,83,25,4.746053358,8.047688613,1.633362688,1.599278053,5.402963665,6.411772557,4.933051634,3.07714919,8.350700184,4.53285243,710,4.554160225,16:00-19:00,0.383612907,6.775122057,1.781038365,3.616629078,7.035174087,69,4.270316477,10.58038993,7.592584438,4.567600456,3.390640285,4.15,0.856821788,265.0527519,6.301857249,6,4,10,4.852555724,17.5,6.5,7,6,2.1,10020.13031,0,0,0,FALSE,5,FALSE,FALSE,1.8,1,2.39681769,4.15
DG_035,Mount Mary Church,19.0544,72.8181,Hilltop Church,Bandra,180000,8.6,Do it for the Gram,6.213302236,8.771841758,4.236422331,8.764890073,6.579123337,9.189001174,7.485891178,9.604511801,626,1498,219,24,7.739866241,7.322720354,1.89128753,1.517803437,6.801889904,6.826334632,4.974142683,4.965775436,1.311815866,8.237990404,1037,5.814516872,16:00-19:00,0.210497892,5.256677058,2.163941977,4.519131146,7.638055881,78,2.469922298,5.565449196,6.742327784,8.098677117,5.062976348,4.91,0.84659718,0,6.593164951,6,8,0,0,0,6.5,7,6,2.1,2415.872164,0,0,0,FALSE,5,FALSE,FALSE,1.8,1,3.264310998,4.91
DG_036,Hanging Gardens,18.9547,72.8081,Hilltop Garden,Malabar Hill,120000,8.3,Do it for the Gram,5.026037958,10.27768291,1.086757115,6.91665633,6.650371158,5.553388767,6.333939274,8.857088935,195,563,95,26,6.391804205,6.384699485,1.290530034,1.959993522,6.050679333,7.427386329,4.656661894,3.554048303,2.563473217,5.425912132,771,5.01364044,16:00-19:00,0.208892524,8.86777929,1.57583077,5.251433581,7.968581163,80,4.937520395,9.161939463,8.080910565,5.654903858,5.576302539,4.16,0.691122248,1976.552128,6.367510919,6,8,0,0,0,6.5,7,6,2.1,8074.191985,0,0,0,FALSE,5,FALSE,FALSE,1.8,1,2.742221136,4.16
DG_037,Kamala Nehru Park,18.9547,72.8081,Scenic Park,Malabar Hill,100000,8,Do it for the Gram,5.554306849,6.436181324,1.471697658,5.436367598,7.035880938,4.857180459,6.954320449,8.750954209,136,625,94,27,5.067611688,6.640235595,2.37409418,1.839999052,4.688134085,7.348221191,5.100669842,7.996314526,4.369388472,5.32639291,1217,5.053035643,16:00-19:00,0.318335005,6.604245219,1.608372519,8.391840583,6.622607877,103,3.949043049,8.574616205,6.754073633,6.869704866,7.908159257,4.19,0.809653319,1976.552128,6.200002606,6,10,0,0,0,6.5,7,6,2.1,8074.191985,0,0,0,FALSE,5,FALSE,FALSE,1.8,1,2.912050273,4.19
DG_038,Worli Sea Link View Point,19.0134,72.8111,Bridge View,Worli,200000,9,Do it for the Gram,5.999108471,8.989903022,4.614283933,7.731719828,6.59144203,5.178863453,5.097923231,8.397752494,352,638,283,27,6.625780217,6.974464125,1.793671207,1.617329706,5.030761031,8.514367657,4.093132997,2.419389408,2.681481118,3.738928844,1111,5.327661752,16:00-19:00,0.344211714,6.419186807,1.442640737,5.853424805,7.785220499,109,7.309275843,10.93811969,6.569184854,5.590061266,3.134868724,4.21,0.861045009,3104.57417,6.7806193,6,8,0.011310503,1.003770168,1.5,6.5,7,6,2.1,3568.726894,0,0,0,FALSE,5,FALSE,FALSE,1.8,1,2.818660181,4.21
DG_039,Bandra West Cafes Strip,19.0656,72.8289,Cafe District,Bandra West,220000,8.7,Do it for the Gram,15.06699953,3.438162001,4.729336653,3.492289053,6.33161784,5.033345533,7.91152436,6.910196703,411,901,194,26,8.225633968,6.901691036,1.639968494,2.144140055,7.482424419,7.924603907,5.730328101,6.629520142,2.244208317,4.552247282,1118,5.410486519,16:00-19:00,0.3160192,5.002288039,1.200697907,6.47288913,8.002272626,77,4.597825186,3.733211757,3.313560407,5.440300737,4.786864123,4.2,0.997491484,1682.020591,6.685454793,6,4,0,0,0,6.5,7,6,2.1,936.7310449,5.316344776,0.221441343,0.442882686,FALSE,5,FALSE,FALSE,1.8,1,2.465972753,4.2
DG_040,Khar West Social Scene,19.0656,72.8378,Nightlife District,Khar,190000,8.5,Do it for the Gram,6.023604362,6.080236989,4.215649536,8.913792111,6.370282117,4.133965022,8.643877287,7.274167472,354,781,197,22,6.821276997,6.796035515,1.081242671,2.081540077,7.837011589,7.753997478,5.376645128,5.096352257,1.293919693,4.509012618,806,5.138803932,16:00-19:00,0.340304186,5.617281322,1.303589136,5.877288003,7.051947852,79,4.669565513,9.764254902,6.07685294,3.702919338,-0.071942817,4.01,0.97478996,2415.872164,6.567253532,6,4,0,0,0,6.5,7,6,2.1,0,10,3.5,7,FALSE,5,FALSE,FALSE,1.8,1,2.342567167,4.01
DG_041,Juhu Koliwada,18.9896,72.8267,Fishing Village,Juhu,70000,7.4,Do it for the Gram,9.72373533,2.246061984,3.579631854,7.957093239,5.936096593,5.104398291,8.377864737,7.109381682,210,349,86,23,6.447135009,6.851102295,1.94738602,1.527585485,8.091760029,6.318666146,5.359020075,7.453329714,7.301743967,5.201624836,607,4.859946799,16:00-19:00,0.268947928,10.37685622,2.162003391,8.284139989,7.090860856,86,4.741997414,7.181786457,6.784543186,6.15384541,3.40449866,4.1,0.797539561,0,5.867062547,6,4,0,0,0,6.5,7,6,2.1,3745.837476,0,0,0,FALSE,5,FALSE,FALSE,1.8,1,2.323373911,4.1
DG_042,Bandra Fort Ruins,19.0544,72.8181,Historic Ruins,Bandra,85000,7.8,Do it for the Gram,7.093054277,4.909287219,7.691192968,18.45011881,5.828759535,8.524920381,7.939578347,7.917208005,264,506,128,23,6.017296654,6.825633546,1.822893371,1.690597978,5.763583995,6.912826181,5.36204966,8.989551396,1.083996258,4.774958801,876,3.96610071,16:00-19:00,0.407786331,4.449429035,2.376690791,6.017150379,6.942684297,77,7.892556537,7.601950973,5.455283508,3.453238075,2.425751676,4.33,0.811631851,0,6.077654421,6,4,0,0,0,6.5,7,6,2.1,2415.872164,0,0,0,FALSE,5,FALSE,FALSE,1.8,1,2.476506091,4.33
DG_043,Mohammed Ali Road Food Street,18.9589,72.8333,Food Photography Hub,Mohammed Ali Road,150000,8.2,Do it for the Gram,17.24889714,3.117663183,6.744626608,9.170484428,7.054953696,5.01488442,6.522808383,7.032801673,306,739,82,25,7.621456693,7.315494429,2.25408263,1.710322286,7.148066219,6.58251344,4.803440484,6.59171097,9.738450275,5.924388642,855,5.044600501,16:00-19:00,0.35372106,5.912674908,1.289771905,4.795596763,7.299029657,124,5.071163576,4.554479391,4.985809491,8.290849274,6.095581574,4.03,0.849295694,2022.671484,6.385656493,6,4,10,3,10,6.5,7,6,2.1,6745.413361,0,0,0,FALSE,5,FALSE,FALSE,1.8,1,2.335954892,4.03
DG_044,Leopold Cafe,18.922,72.8331,Iconic Eatery,Colaba,140000,8.1,Do it for the Gram,21.8653433,5.252055827,1.781678647,9.380466854,6.765410139,7.411459215,5.562822315,7.27617559,460,1026,174,23,8.555865777,7.542911633,1.827256897,2.086648788,5.814227634,8.36980443,6.16050363,3.693701488,8.261084273,4.856147771,765,4.914989546,16:00-19:00,0.196929819,8.541331261,1.227914348,4.125517986,7.679917541,99,9.263972616,1.658316838,8.81422379,3.683887135,6.302244404,4.34,0.871492953,547.3761015,6.327678683,6,4,10,3.767333917,14,6.5,7,6,2.1,10793.00522,0,0,0,FALSE,5,FALSE,FALSE,1.8,1,2.509353137,4.34
DG_045,Trishna Restaurant,18.9314,72.8311,Fine Dining,Fort,110000,8.4,Do it for the Gram,4.386501551,5.45436736,8.526976095,6.953872474,6.718407413,5.417178134,7.596499748,7.934364061,194,586,98,28,6.455704684,6.274142837,1.698468987,1.216476116,1.142149647,7.228879947,4.881278456,8.432842927,6.116991308,3.812798346,1032,5.635736054,16:00-19:00,0.237178173,3.74209309,1.077343145,6.028881309,7.79659915,126,6.960494269,6.71574722,6.385855748,7.256555849,2.344856845,4.11,1.0649248,516.5906931,6.38483798,6,4,10,4.550022991,21,6.5,7,6,2.1,9787.786293,0,0,0,FALSE,5,FALSE,FALSE,1.8,1,2.382242102,4.11
DG_046,Bandra Kurla Complex,19.0656,72.8678,Modern Business District,BKC,180000,8.3,Do it for the Gram,3.5801352,6.368961681,2.295876357,9.776880775,5.467951599,5.229481506,8.263605279,7.009849405,367,1005,211,22,8.134936401,7.028089663,1.016510154,1.741836884,7.582138495,8.554593402,5.616353026,4.465123372,6.345441431,6.0018418,1214,5.853008075,16:00-19:00,0.258377798,6.481213371,1.95554966,7.540756935,7.290515038,123,9.134068105,9.473525411,6.229498457,4.8660341,1.8751958,4.07,0.857005672,5376.036595,6.473164951,6,4,0,0,0,6.5,7,6,2.1,3157.520372,0,0,0,FALSE,5,FALSE,FALSE,1.8,1,2.368044534,4.07
DG_047,Antilia Building,18.9778,72.8089,Architectural Marvel,Altamount Road,120000,7.9,Do it for the Gram,9.129443316,3.677168696,5.082023473,7.058824376,7.233743778,5.275739268,7.057608904,6.866511013,187,620,117,26,4.795818462,7.133783953,1.57873475,1.708862213,3.236705216,7.340869315,4.883477693,5.060309066,4.129031677,3.763681472,701,6.116770684,16:00-19:00,0.121390835,2.654473516,1.460391718,5.168759017,6.870807905,82,7.185023805,6.207581417,7.207008663,4.611086908,3.87416392,4.08,0.876762533,2284.593128,6.207510919,6,4,0,0,0,6.5,7,6,2.1,5894.758623,0,0,0,FALSE,5,FALSE,FALSE,1.8,1,2.346766114,4.08
DG_048,Lower Parel Mills District,19.0134,72.8333,Converted Mills,Lower Parel,160000,8.1,Do it for the Gram,10.24422304,3.78661404,3.333573203,12.66368368,6.396064114,7.570736911,7.022766118,8.47761425,390,1063,131,14,7.647922152,6.135046147,1.484233625,1.916568846,8.447693181,7.526726524,5.649051705,4.262166189,1.989411551,5.761069821,761,5.045012194,16:00-19:00,0.242425931,2.22728395,1.379586965,3.094809015,6.547999054,72,5.689590918,1.681028492,4.325110019,5.364995882,4.075340438,4.16,0.829714743,2724.583706,6.362473618,6,4,5,2,5,6.5,7,6,2.1,1327.048225,3.364758873,0,0,FALSE,5,FALSE,FALSE,1.8,1,2.408897256,4.16
