location_id,name,lat,lng,type,area,instagram_tags,aesthetic_score,vibe_category,trendy_cafe_density,scenic_infrastructure_score,cultural_venue_density,lifestyle_shopping_density,photo_infrastructure_score,social_gathering_density,creator_accessibility_score,natural_lighting_score,posts_per_day,stories_per_day,reels_per_day,influencer_visits_per_month,hashtag_diversity_score,viral_potential_score,weekend_engagement_multiplier,golden_hour_activity_boost,wifi_quality_score,selfie_spot_density,instagrammability_score,tiktok_trend_potential,food_photography_score,fashion_photography_score,check_in_frequency,geotagging_popularity,peak_posting_hours,seasonal_popularity,weather_dependency,festival_boost_score,content_variety_score,professional_shoot_suitability,user_generated_content_rate,brand_collaboration_potential,creator_parking_score,equipment_friendly_score,crowd_management_for_shoots,permits_required_score,vibe_intensity,data_collection_date,confidence_score
DG_001,Marine Drive,18.9436,72.8228,Scenic Promenade,Marine Drive,450000,9.5,Do it for the Gram,4.103745625703963,9.105307736378899,2.8360290310775222,4.585483571087276,8.840771615781595,6.192820244121841,7.025657061246065,9.799863810905885,2095,5648,600,26,7.5744344507460735,9.298996582347986,1.6861457259064703,3.5853290635495636,5.874800851729508,10.0,5.980172628031125,4.218018437074206,6.301508128334678,7.085475141046669,889,5.676744961586061,"06:00-08:00, 17:00-19:00",0.6007376485545404,8.661450038800481,2.403334833357296,8.687910109907127,8.476669951620758,115,5.177443915993909,5.057464244444197,8.351463794689419,7.7998021175737,-0.3288498228027352,5.0,2024-12-15,0.9275241791212894
DG_002,Bandra Bandstand,19.0544,72.8181,Seaside Promenade,Bandra,380000,9.2,Do it for the Gram,6.097141173465509,5.057737303252531,11.052749843363848,7.2291419234611825,7.97800815691048,7.739302878333253,6.356587524878603,10.0,742,3359,350,22,3.8171424348712564,7.757009853351683,1.607363665177211,1.5714078317712121,6.545894691508264,7.667384457420405,5.033402188157796,7.405624301368401,2.6813879990416787,8.927541306023574,1361,5.30567518553313,16:00-19:00,0.27789175232248137,4.749969976252872,1.9277632765547312,8.079087607261098,8.37761518637001,93,3.6178214797956567,4.12577945903705,1.3519818724367791,3.3439427865646127,3.93609661943591,4.6,2024-12-15,0.9089415934152594
DG_003,Carter Road Promenade,19.0544,72.8181,Waterfront Walk,Bandra,320000,8.8,Do it for the Gram,4.515572865328093,2.137534347041353,6.046065011806549,11.794506218473103,7.323328674721627,6.6488011601268395,6.863000138720354,7.925371886643387,1233,2601,519,31,5.983512830536819,7.029617440682962,1.4327922341956691,1.8178822124813718,5.584634362672579,8.259556484838514,5.138582990435679,6.186477012191947,4.310743991762695,5.252770258357042,900,4.980607328223555,16:00-19:00,0.20594316555794506,3.6754384880671553,2.2475332442580847,7.267323364312353,7.956179393156294,107,5.1343653933959175,2.6663492409549616,4.375364866457172,5.262968732538607,5.610586970695234,4.33,2024-12-15,0.9548250712441938
DG_004,Worli Sea Face,19.0134,72.8111,Sea View,Worli,280000,8.5,Do it for the Gram,5.733813172882471,10.277363812528252,0.9484276405043635,9.602319444402156,6.82737677458826,4.6886154202961805,5.814141131898414,6.891178482396349,673,1774,304,28,6.977465239228372,6.430065059819201,1.9468706917539547,3.189204084580385,8.248201196799286,8.37546773223303,5.555181459688122,7.818212123686864,3.701326838508707,8.205027738421482,969,5.123448071861469,16:00-19:00,0.6806413807571653,6.0940612460722345,1.268583317877992,5.81855393999772,7.163067909411542,104,7.383314149150602,3.308398075074106,5.4228967993460175,2.1814685745780413,3.127346893539721,5.0,2024-12-15,0.7941243595894435
DG_005,Juhu Beach,18.9896,72.8267,Beach,Juhu,500000,8.9,Do it for the Gram,3.4949027096107477,8.887093458162179,0.9872258851476223,5.831483326417308,8.854731369701849,7.648847101018844,3.8317890361503517,8.70388367708734,1650,4809,819,56,6.732390935200515,10.0,2.1056409387368187,3.8180131755580646,2.43961614060808,10.0,6.98951003312404,7.644705899828392,6.462256581009826,7.615456931871519,2035,5.760471789863571,17:00-20:00,0.5856182083614422,8.491697039332895,2.3195025210931037,7.932366202072547,9.163592407107926,88,7.781928076248224,5.097466388468289,5.857575564207762,3.5471597813703055,6.487016506925095,5.0,2024-12-15,0.9988440715618259
DG_006,Versova Beach,19.1317,72.8128,Beach,Versova,220000,7.8,Do it for the Gram,9.504329335291413,8.262195073852098,5.532708737400618,7.340326198131098,7.538652968469585,8.015237246435538,7.259364798072777,8.402207266767189,838,2049,349,52,8.14284249041328,9.796986687000743,2.6700862704435466,3.801295694470858,1.4452706890410494,8.712968595946062,6.396817300009304,6.174679473575208,7.555735077425063,9.361126716663392,1479,5.048904660613955,17:00-20:00,0.50887550722187,8.984587726827595,2.030516177006096,7.311977997882801,8.831800991379597,204,5.695077491038507,4.8874343796809345,6.804906678481601,4.002680973936499,5.114768917560189,5.0,2024-12-15,0.773714195079823
DG_007,Aksa Beach,19.1756,72.7967,Beach,Malad,150000,7.5,Do it for the Gram,3.454752547994169,9.914663809951898,3.650320545896337,5.841153231553552,6.862400518105039,8.566902687782406,6.111583790758553,8.77356594788768,637,1431,232,49,8.565817481461396,9.982311729045362,2.443437942257885,3.12567537883194,4.784564887958204,9.032903831260095,5.853650951889348,9.565672052810799,7.3731235951385266,7.0038718764887316,1535,5.830302908715712,17:00-20:00,0.7342245242770575,9.461649796987134,2.23463504749255,8.183688572229295,7.713719178681418,154,6.077514889099966,5.294395487159381,7.526278014642448,7.97728494451076,6.0515714430139855,5.0,2024-12-15,0.9682990041916416
DG_008,Madh Island Beach,19.1317,72.7883,Beach,Malad,80000,7.2,Do it for the Gram,7.601316746996915,8.932305461873632,6.8367773527821605,4.31283874375147,7.105738848021232,7.0067872275193555,3.9574288603378873,8.484176386150958,217,1166,187,48,5.271748725203429,8.938940240433025,2.252691622044253,3.867207544716176,5.076103438067051,9.19411085003505,6.209028125696604,8.420714801904818,6.2158655206640825,7.89794793465365,1204,5.603700585227787,17:00-20:00,0.4028934864536695,8.179713018072043,2.000957366118885,7.703310344261315,7.086724168982428,145,4.631846842215484,5.49691943304403,6.552578145521025,5.042157178700268,6.837040238879892,5.0,2024-12-15,1.016672666097646
DG_009,Candies Bandra,19.0544,72.8267,Trendy Cafe,Bandra,180000,8.7,Do it for the Gram,8.832477402034726,5.201646481318392,4.231710021572421,10.399686735943225,7.0007188023935925,10.0,6.105151256691875,9.943826192243172,1133,2178,423,51,3.8085852796898823,6.937606628629034,1.7590413246512495,1.269564757611605,8.013028896369804,7.2751479215166945,5.795993702445993,7.109528480207,7.388412155886442,5.160959939458674,1117,4.935577063898134,"09:00-11:00, 15:00-17:00",0.43105215484329945,4.014045974643835,2.492184719088546,9.04680298563148,7.8431791649663065,175,7.4862072384049805,3.486196431478582,2.766931574686332,5.914901416213492,4.589676616571348,5.0,2024-12-15,1.0453884433221006
DG_010,Pali Village Cafe,19.0656,72.8289,Boho Cafe,Bandra,220000,9.0,Do it for the Gram,9.557470356898131,7.429283414116833,8.40432432573557,11.780541128958198,6.7959489080619875,7.950646525439277,7.715624042613615,8.147536659968308,477,1844,334,24,8.788566078158501,6.0474109954268425,1.570566283969797,1.97925635908882,6.104102265650532,8.865824745329228,6.19670708788069,4.382847089420222,1.9793697469610052,6.377171979413807,897,5.574455032770728,16:00-19:00,0.3370555208576028,0.927188397546038,1.9193020243786887,6.727835994448116,8.731214547313057,99,3.061369005691411,7.296799469366746,6.425370848790184,5.1964459587738006,7.2385582799814365,4.6,2024-12-15,0.9075054080693493
DG_011,The Pantry Kala Ghoda,18.9269,72.8324,Artsy Cafe,Kala Ghoda,150000,8.5,Do it for the Gram,5.773134767568315,4.241586493140959,8.511123483163097,4.1493807073076585,7.147101896211852,5.962429782612865,3.258804332923023,8.515969006419638,325,716,176,22,7.235751398283899,6.610177957622341,1.1668459741846777,1.9007463997966918,7.6235730906167785,7.748624933779353,4.671071127258795,8.99649059876613,4.773285365039754,4.041428190560427,552,4.767316656879107,16:00-19:00,0.2032030122407466,4.387733147683392,2.5177108351783732,4.079368038927128,7.515471019417601,118,4.456777336892707,8.989476920846828,6.630330651032442,5.175877587186866,5.077570881002995,4.45,2024-12-15,0.8954345120979147
DG_012,Cafe Mocha Multiple,19.0544,72.8267,Coffee Chain,Multiple,200000,7.8,Do it for the Gram,3.520949393431181,4.077308950393458,1.3689216705272425,5.936390489063983,7.102957746840035,5.583948369967487,3.3230889150751755,7.730920917178591,423,935,165,23,6.972764422480821,6.723281584664713,1.2257613679350556,2.2876308391415874,2.9013366548760047,5.30219896658241,5.072416333852263,4.392232778758238,4.048712114283136,3.571538713573352,1057,4.989072489819655,16:00-19:00,0.3450748690472438,4.331815520492912,1.2432453523989573,7.090727124991963,7.119417318973153,127,9.575453551711174,4.6946259518408215,5.335110574867223,8.43490536544563,8.58911951757003,4.02,2024-12-15,0.797369645648724
DG_013,Social Bandra,19.0544,72.8267,Co-working Cafe,Bandra,280000,8.9,Do it for the Gram,15.730251727612472,6.561788131613644,11.214976918101176,12.419489993871906,6.543168418228298,10.0,6.318579125486352,7.9796474101236985,713,1850,373,27,6.327953594205609,6.53208179373114,1.435954817555824,1.980675418522265,8.405738414990843,7.327216846245348,5.982939531034086,4.590017744250418,5.2303762215578535,2.605336089918769,1080,5.011351855717001,16:00-19:00,0.19074118314921368,3.9232805070105967,2.175372235809053,5.4197366598081125,7.695699271281302,98,1.0765457884121306,8.798189759644796,5.721445583789063,8.39575714798199,4.344575561396229,4.43,2024-12-15,0.7747953710837879
DG_014,Social Lower Parel,19.0134,72.8333,Co-working Cafe,Lower Parel,250000,8.6,Do it for the Gram,12.363061915250167,1.8711568977204571,0.6739071743058074,5.524897935556351,7.2506683050254965,10.0,7.368984583767348,6.242964731217209,765,1971,257,28,4.6822321850278925,5.994553710418547,1.691151631099983,1.489558104172062,6.526289418143184,7.459142143068369,5.657681071759645,5.178687966147513,3.7437522037722735,4.3893505000946105,929,5.3901771353732855,16:00-19:00,0.12434859533045622,6.407292999894864,1.4189299902057169,7.22124890631774,7.667322694460885,107,4.8623571103842425,5.433336201040725,6.513001555994407,6.071787744304922,5.875727590808742,4.1,2024-12-15,0.8800641097916622
DG_015,Monkey Bar,19.0544,72.8267,Trendy Bar,Bandra,190000,8.4,Do it for the Gram,8.393114604511833,5.53961134177109,11.435404222536928,10.616477777694536,8.22866905250981,6.637061397602789,8.279032667431721,8.195872477938922,506,1549,378,21,5.483533883318594,6.271930015017678,1.848317939199945,1.9872811946268323,4.38051701528775,7.859703894876743,5.743353768379423,8.09104948410469,1.6648178786978294,3.966328978599557,910,5.2696334351961305,16:00-19:00,0.23766831677671618,4.959676005704302,1.907594675693254,5.061814237046823,8.333897886597025,109,6.657103840447852,8.43899348696538,9.602786515080542,7.857492391066673,7.022536629568455,4.49,2024-12-15,0.8081670188774338
DG_016,The Sassy Spoon,18.9314,72.8311,Trendy Restaurant,Multiple,160000,8.2,Do it for the Gram,6.151531358930825,6.8147162918671516,2.3137203508181488,4.992934419140573,6.408799980286168,4.100700441307826,5.659527941128852,6.676767304294616,272,714,136,20,7.870626527211118,7.049128145007997,1.462453178668311,1.7920970794600486,3.5519940830997103,8.304901122949694,4.442554391651383,9.752393364877168,4.071113813571926,3.5748823924629267,958,6.083021920297668,16:00-19:00,0.3858923861212516,3.844958004384086,1.1259316875750964,6.215705897199315,6.861440670710366,107,3.848508536613117,4.392403487009942,5.059776950810063,6.2557413161168345,3.2412127281881,4.11,2024-12-15,0.8069784109695283
DG_017,Kala Ghoda Art District,18.9269,72.8324,Cultural District,Kala Ghoda,350000,9.1,Do it for the Gram,6.699127915812812,6.05352597545763,16.18294185131456,3.50952261256258,7.7477193979649694,8.855156102392405,6.7513518821433856,5.271851184492393,749,1230,282,41,9.316836462363964,7.20477763908579,1.8589375472117091,1.3655205940195128,4.745483985615877,9.534703020892756,5.603363832367155,6.018822006730651,7.273965596735911,8.581896391190295,1090,6.459048945472753,"10:00-12:00, 16:00-18:00",0.1428159158142515,5.507895449289203,4.930406950341302,8.077246799245907,8.729119280024557,124,6.328616430913384,3.61087769154086,3.887707577786892,9.554417239875786,5.363913766833477,5.0,2024-12-15,1.0400091623491674
DG_018,National Gallery of Modern Art,18.9269,72.8324,Art Gallery,Fort,120000,8.3,Do it for the Gram,3.325739808999325,4.446923346339564,20.178155914868654,4.235806891197695,8.037879399495965,5.421886752149194,5.378473408090961,8.312921829816055,225,498,115,24,9.280461559087955,6.41917283634008,1.6694586532525593,1.9280938441810558,6.616729791334271,9.287571114889797,5.765235425485018,5.206173687258722,2.3721765602076905,5.635909141703554,775,4.937469112618714,16:00-19:00,0.2060592742203328,3.027973856222888,1.5969523154666052,7.277887442011487,9.038140589344714,86,1.830562229325055,5.239004419570085,5.25252911244133,7.006149012473171,7.323115365320812,4.64,2024-12-15,0.9014310267865315
DG_019,Sassoon Docks Art Project,18.9178,72.8289,Art Installation,Colaba,95000,8.0,Do it for the Gram,2.0232249123645376,6.57138001717247,3.1131930879643885,10.517755648999469,6.417328843738403,6.689860154977831,6.788644598494939,7.182254076242684,298,629,130,29,4.577558715358118,6.452787981719876,1.3198114916223544,1.9542363283768545,3.891886748285032,6.790460908875753,4.633342577163794,4.105072018229025,5.854970132745712,6.938477030198153,1273,4.950470583874066,16:00-19:00,0.3850186030355477,9.33652782574126,1.0723799831180227,5.213947914949939,6.931987905016213,58,4.686533324746515,9.255253389210889,7.825939260313028,6.142840526368671,4.597222297753671,4.21,2024-12-15,0.8507800493173817
DG_020,Versova Art Village,19.1317,72.8128,Artist Colony,Versova,85000,7.9,Do it for the Gram,3.8281675501804266,5.762611371697663,15.291569811792689,7.705809981458383,6.3312445412806415,5.878569145787803,5.543236929123888,6.4856324378747106,211,456,67,27,9.310103450046391,6.678126026896795,1.8029534635508209,1.1252314957706107,8.618851962098107,6.7943910554435805,4.277838745271553,3.9924168834564933,2.2159757059297007,6.900761741089174,801,5.1389268602057445,16:00-19:00,0.31949865010788564,4.11240114484699,1.92853327447726,6.2966850756510695,6.629407999325898,62,4.605996242818643,6.698358522648462,8.176195704539662,7.788651088158467,4.654595271060437,4.17,2024-12-15,0.8441180365872748
DG_021,Chapel Road Art Galleries,19.0544,72.8267,Gallery District,Bandra,110000,8.1,Do it for the Gram,2.4889884163303226,4.294980778676824,14.569031649376848,12.64852810992161,7.120282496774675,6.965062979002228,7.756690527014472,9.316656515207505,337,605,172,25,5.691866750221433,5.933194386913351,1.5064618622208577,2.1426811208286902,5.0519057842974195,8.551448509973481,5.646968291537961,7.588946241677163,7.051076603246575,6.681957306067943,854,5.02091816862627,16:00-19:00,0.23121115965938804,7.05508309087408,2.310729145861662,4.011589176732382,7.407680967529441,99,3.5320816432925186,6.636888285804324,6.795436349491069,4.099884098813044,7.290811654673516,4.31,2024-12-15,0.8388169074560895
DG_022,Aer Bar Four Seasons,19.0134,72.8189,Rooftop Bar,Worli,140000,9.3,Do it for the Gram,8.173171938640813,9.553896860456213,1.7390258517558979,10.358207365105072,9.359799387590643,6.987458755189561,8.391678052402117,9.070392413684274,137,1333,199,73,4.981312161495452,10.0,2.4278506391341477,3.005312440054812,7.556495898449091,9.782225676135127,5.667528616248577,6.676698368978431,9.405373310457872,5.7247004841294125,1119,5.235483068306498,19:00-23:00,0.5696380287239717,5.057348006351969,1.6014232698615993,7.854936942810589,9.179726489819677,99,9.724980728510467,4.801432724117763,7.481760093616766,8.493497010143138,3.2422529630772408,5.0,2024-12-15,0.901965158061108
DG_023,Asilo Rooftop,19.0656,72.8289,Rooftop Restaurant,Bandra,120000,8.8,Do it for the Gram,3.43345283005038,0.0,7.690955686432692,11.026126543175788,6.7870129913081,7.533199803874875,5.572384424647242,8.718809382900927,388,928,244,26,7.979017791515693,7.032416171465873,1.2824059375013546,1.864357544639014,4.0450080141633755,7.474646858740064,5.902771681552997,9.461120094249795,2.0572776019949233,5.698462084347855,993,4.772668566622622,16:00-19:00,0.3705415761617169,4.1093536878352666,1.873188141526065,3.7192339046400726,7.578099689955185,61,7.112608379692344,3.9414923385563787,6.084526580428071,6.541174133455813,0.8447469563566119,4.35,2024-12-15,0.9536909054671455
DG_024,High Ultra Lounge,19.1197,72.8467,Rooftop Lounge,Andheri,100000,8.5,Do it for the Gram,4.586770945261024,1.393843822880561,5.120832797539647,8.74816223669044,7.262419568914477,4.353681478102643,7.9870644082363755,6.364354312764765,236,603,56,26,7.276094360215863,6.668902062855583,1.443915279420558,2.264545333669814,6.407329091542399,7.6445263717836145,4.767041003643069,4.838147325979364,4.1308450745687715,4.4723745214465485,1067,4.860744498969205,16:00-19:00,0.47185101286895276,4.787940261704602,1.1928278913980974,6.144549126946326,8.020500249401723,108,3.798738414395313,8.145682131004124,4.595035674055446,3.2390570003505057,3.282574944116602,4.04,2024-12-15,0.7745922193776675
DG_025,Skybar Mumbai,18.9269,72.8228,Sky Lounge,Nariman Point,90000,8.7,Do it for the Gram,6.986060538384185,9.058765843341801,4.047517269449994,5.297258145641363,6.784067010283955,5.509463283058432,5.737343086432645,7.984403923723168,196,439,76,24,8.248720474318958,6.694156313359072,1.1872733784095877,1.2798767011481793,8.482709700453468,7.501887146403546,5.37703465685182,8.426202327013426,4.059361381346648,4.02465193564364,1043,4.848667435220921,16:00-19:00,0.3463231775623184,2.6570623722854685,1.260780611115571,3.8169386284719993,7.286234284430477,99,9.791351232208807,6.591030412328443,6.208524989774851,5.2408073513651985,7.906712510141071,4.17,2024-12-15,0.8011918060893037
DG_026,Palladium Mall,19.0134,72.8333,Luxury Mall,Lower Parel,200000,8.4,Do it for the Gram,8.583966011526574,1.3916468061826452,3.6544908015978157,10.612336009098932,7.376449086596408,7.592483657333402,9.591288633719211,7.885995500548228,488,1243,171,41,6.122405163042159,5.931535523989898,1.5887177379421236,2.370128160303494,8.577766447993527,7.980561784160587,4.77896747169342,2.7760278148569926,3.345480746886353,8.87273093495266,1109,5.839563884220824,16:00-19:00,0.18670134399493776,5.066015209748486,1.5638685022094572,5.870492211096053,7.637402375446749,96,8.240057229191951,8.815490804353667,6.3395675548855035,9.408313178470763,1.2072695287899897,4.17,2024-12-15,0.8074678881770092
DG_027,Phoenix Mills,19.0134,72.8333,Lifestyle Mall,Lower Parel,180000,8.2,Do it for the Gram,0.8070516268106918,6.788154508070594,0.9882126655292631,15.599614528229916,6.223767612495256,6.055746977697341,6.20710493596472,8.378633271802773,393,1374,145,23,6.865912408868706,7.238827838356761,1.4173558328351192,1.1290228487902572,3.912654600780135,7.3452830653865915,5.4135479329270915,6.197889349645768,3.041703988408917,8.30536242169211,986,4.867010332037072,16:00-19:00,0.25298790674529475,3.9925150726821848,1.5028418310939762,7.558590060519563,7.47706055993006,136,4.200710849809523,6.210431585448196,7.282563096278191,7.206580198382078,6.862684336202707,4.14,2024-12-15,0.8333151886804826
DG_028,Linking Road Shopping,19.0544,72.8267,Shopping Street,Bandra,160000,7.8,Do it for the Gram,2.886514061836668,2.063865718549708,11.341820942515184,15.676087074204808,6.264616139074622,10.0,3.3108156942377507,6.338281351066826,1157,2597,384,23,7.547407926539191,6.67726546554909,2.390110974467913,1.829364320419989,4.662657325308333,6.4441705792438775,5.123366799866435,6.992443000130635,7.177284417171585,8.357919590097413,1690,5.017693365554531,"14:00-18:00, 20:00-22:00",0.2606419499802167,4.827598226783166,3.2118412288881437,8.630789625790008,7.560417176402208,79,6.817176274605245,4.927764057799221,2.773184224370013,3.466955195073976,6.097765550129553,4.79,2024-12-15,1.0156341974754861
DG_029,Hill Road Bandra,19.0544,72.8267,Shopping Street,Bandra,140000,7.6,Do it for the Gram,6.12749494824384,9.049077622389914,12.846523796468286,7.7795720403665705,5.740092541019817,10.0,6.268592061478021,7.241629451394777,461,1390,384,28,6.878365925362007,6.344260286144309,2.3123700687716444,1.8817032023159326,4.998063592788067,6.441545663553844,4.881992277522341,7.7474102719781115,7.767957168248957,8.341829505036902,1228,5.612613693329521,"14:00-18:00, 20:00-22:00",0.1364835470840181,5.253115502844263,2.904230375842195,8.847513676241913,7.139171892622833,144,8.14218331535861,4.475990232830013,2.48720345078239,3.128711580082169,2.6561858725781544,4.64,2024-12-15,0.8701638058111358
DG_030,Colaba Causeway,18.922,72.8331,Shopping Street,Colaba,130000,7.9,Do it for the Gram,4.884537511098781,3.8327319270950055,4.245698240989513,20.833356672876377,5.983769772625413,9.311588744034523,4.897584436046355,6.888578011793001,705,2037,282,23,7.88010264572848,5.529411459195898,2.3064428980301295,1.607007134141396,2.4894351777011803,8.082243402523389,5.705714157084463,6.823653555613413,4.7041001486644465,7.357654771140249,1063,5.3175184536048015,"14:00-18:00, 20:00-22:00",0.2959708883129335,3.92973124645648,2.2289649427878944,7.190806480461996,7.118547607774947,123,6.84053799744171,6.695106005153958,5.8955600800142225,4.729641931704258,0.22359689420599071,4.66,2024-12-15,0.8689707248983027
DG_031,Gateway of India,18.922,72.8347,Historic Monument,Colaba,600000,9.4,Do it for the Gram,3.586345336357345,2.8486303479492148,3.034163688932935,13.992763884469404,8.522434439175353,6.444958370889276,5.467596407108131,8.047614622692048,1977,2794,423,49,7.888805099770941,10.0,1.2988912039772833,2.488295677668086,6.23033228776878,10.0,7.043736633491351,5.03449971143521,5.113093785278637,8.477540264209383,1322,5.749844260680026,"08:00-10:00, 16:00-18:00",0.40557591259011283,5.974747276428294,2.432084278071567,8.037411619723116,9.562515887780965,104,8.088704318661803,3.6461365570976225,3.595236025611401,6.102081479083736,7.9603141712142795,5.0,2024-12-15,0.877277147550833
DG_032,Chhatrapati Shivaji Terminus,18.9401,72.835,Heritage Architecture,Fort,300000,9.2,Do it for the Gram,3.5387335797907293,5.392570294032351,5.471039372940224,6.7940844308042445,9.384138853228778,4.389481258017652,4.704873427431897,9.378041106256775,542,1475,202,21,5.02010194769199,6.657994055587576,1.2151875738392297,2.2869731918029537,10.344707686962574,9.639590626233659,6.031085639796926,3.0510690201246846,3.164753738850984,8.511687329286502,1079,5.369374474322388,16:00-19:00,0.17528898905223023,2.787716461988206,1.6151167555324824,6.653714240434527,9.75341592206888,78,6.922755655572395,6.758683734446402,7.245158080750292,6.978950542678483,8.49910817930559,5.0,2024-12-15,0.9534831287549743
DG_033,Taj Mahal Palace Hotel,18.9216,72.8331,Iconic Hotel,Colaba,250000,9.1,Do it for the Gram,6.3678651108391815,4.917464726993518,7.344573005112581,11.563923525055698,7.116424400653924,5.79527892441967,6.6299290408879985,5.656560683551468,564,2025,173,29,5.521018131335613,7.682045967463624,1.4004993675759407,2.5973788346899,7.671126606348011,7.893820813237685,5.11476575664935,6.673328680754394,6.492090625649864,4.974975924084826,604,5.692929040036052,16:00-19:00,0.2095134424956917,0.6991094330402996,1.1734375292002195,5.287309582887582,8.595479440488697,92,3.657871168911022,8.044388961326945,8.279213420125963,1.3278806220382142,-0.2668170188495891,4.28,2024-12-15,0.8406916178822226
DG_034,Rajabai Clock Tower,18.9292,72.8317,Gothic Architecture,Fort,80000,8.4,Do it for the Gram,5.93892209180253,4.407344213398956,8.52589904246799,5.180687755217303,6.8849340382890745,4.553728910582939,9.143700963111694,9.054162054919312,125,333,83,25,4.746053358024584,8.04768861300371,1.6333626880577716,1.5992780530506618,5.402963664982883,6.411772556626354,4.933051634143899,3.0771491901869132,8.350700184212103,4.532852430341584,710,4.554160224750154,16:00-19:00,0.38361290730424097,6.775122057146067,1.7810383646668386,3.6166290778707326,7.035174087432114,69,4.270316477465603,10.580389930650753,7.592584438379383,4.567600455704817,3.3906402849049195,4.15,2024-12-15,0.8568217876084364
DG_035,Mount Mary Church,19.0544,72.8181,Hilltop Church,Bandra,180000,8.6,Do it for the Gram,6.213302236073583,8.771841758224223,4.23642233147975,8.764890073066262,6.579123337207067,9.18900117431426,7.4858911781559705,9.60451180077195,626,1498,219,24,7.739866240555212,7.322720353732192,1.8912875300168084,1.5178034371253855,6.801889904053364,6.826334631873472,4.974142682548228,4.9657754362928905,1.3118158658563361,8.237990403626554,1037,5.814516871835175,16:00-19:00,0.21049789224574844,5.256677058090286,2.1639419773900674,4.51913114567699,7.638055880701217,78,2.4699222977574933,5.565449196151558,6.742327784088152,8.098677117144781,5.062976347618955,4.91,2024-12-15,0.8465971797941128
DG_036,Hanging Gardens,18.9547,72.8081,Hilltop Garden,Malabar Hill,120000,8.3,Do it for the Gram,5.026037957579229,10.27768291286683,1.0867571149509048,6.916656330039028,6.650371157705099,5.553388766614772,6.3339392739701434,8.857088934560018,195,563,95,26,6.391804205029995,6.384699485422744,1.2905300338960313,1.9599935224087521,6.0506793330859425,7.427386329491718,4.656661893982729,3.5540483029317365,2.5634732170605172,5.42591213245411,771,5.013640439934966,16:00-19:00,0.20889252375772893,8.867779290008725,1.575830770315803,5.251433580674454,7.968581163201949,80,4.937520394761721,9.161939463491555,8.080910565496774,5.654903857976689,5.5763025394040975,4.16,2024-12-15,0.6911222484398486
DG_037,Kamala Nehru Park,18.9547,72.8081,Scenic Park,Malabar Hill,100000,8.0,Do it for the Gram,5.554306848593012,6.436181323552559,1.471697658484588,5.436367598199147,7.035880937858827,4.857180458816037,6.954320448661115,8.750954209193088,136,625,94,27,5.067611687544556,6.640235594571243,2.374094179631619,1.8399990524484058,4.688134084546058,7.348221191473064,5.100669842144612,7.996314525978739,4.369388471656245,5.326392910460564,1217,5.053035643136036,16:00-19:00,0.31833500486383615,6.604245218792835,1.6083725190427471,8.391840583273709,6.622607876508936,103,3.9490430491601574,8.57461620533919,6.754073633199679,6.869704866124792,7.908159257068048,4.19,2024-12-15,0.8096533190143402
DG_038,Worli Sea Link View Point,19.0134,72.8111,Bridge View,Worli,200000,9.0,Do it for the Gram,5.999108471008218,8.989903022083237,4.614283933016423,7.731719828151058,6.591442029827119,5.178863453246689,5.097923230864494,8.397752494200901,352,638,283,27,6.62578021668637,6.974464124681297,1.7936712073306271,1.6173297057669105,5.030761030511855,8.514367657412643,4.093132997398668,2.419389408387746,2.6814811181821954,3.738928844143752,1111,5.327661751552262,16:00-19:00,0.3442117139565839,6.419186806922979,1.442640737359877,5.853424805412235,7.785220499403762,109,7.309275843339382,10.938119694233436,6.5691848536022235,5.590061265757138,3.1348687236029464,4.21,2024-12-15,0.8610450088571098
DG_039,Bandra West Cafes Strip,19.0656,72.8289,Cafe District,Bandra West,220000,8.7,Do it for the Gram,15.066999527003896,3.438162001227961,4.72933665258386,3.492289052587545,6.331617840405505,5.033345533070649,7.911524360489472,6.910196703025097,411,901,194,26,8.225633967670964,6.90169103623731,1.6399684943302435,2.1441400549765732,7.48242441932884,7.924603907410593,5.730328100673939,6.629520141620879,2.2442083169872644,4.552247281792587,1118,5.410486519040392,16:00-19:00,0.31601920023911395,5.002288038808011,1.2006979067151313,6.472889129577518,8.002272625563474,77,4.597825185770748,3.7332117571331738,3.3135604071895717,5.440300737427803,4.786864122979724,4.2,2024-12-15,0.9974914842502975
DG_040,Khar West Social Scene,19.0656,72.8378,Nightlife District,Khar,190000,8.5,Do it for the Gram,6.023604362453804,6.080236989429467,4.2156495355697805,8.913792111474423,6.370282117191425,4.13396502242716,8.64387728666427,7.274167472471935,354,781,197,22,6.821276996750463,6.796035514853727,1.0812426707906453,2.081540076720192,7.837011588841149,7.753997477905226,5.376645127644109,5.096352256894668,1.2939196934142068,4.5090126182823145,806,5.1388039320070815,16:00-19:00,0.34030418630506587,5.617281322451737,1.3035891362583467,5.877288002534054,7.051947851717266,79,4.66956551284296,9.764254902160461,6.076852939556309,3.7029193380165055,-0.07194281723109253,4.01,2024-12-15,0.9747899604001923
DG_041,Juhu Koliwada,18.9896,72.8267,Fishing Village,Juhu,70000,7.4,Do it for the Gram,9.723735330381814,2.2460619837533624,3.5796318542653887,7.957093238512732,5.936096593117027,5.104398290565485,8.377864736942486,7.1093816821654725,210,349,86,23,6.447135009117026,6.851102295482671,1.9473860198953763,1.527585484848795,8.091760028799408,6.318666146145253,5.359020075035668,7.453329713665534,7.301743967096701,5.20162483550433,607,4.859946798775587,16:00-19:00,0.26894792806327783,10.376856222991723,2.162003390580375,8.284139989315843,7.09086085645795,86,4.741997413770785,7.181786457339425,6.78454318593075,6.1538454104525675,3.4044986597347435,4.1,2024-12-15,0.7975395612882757
DG_042,Bandra Fort Ruins,19.0544,72.8181,Historic Ruins,Bandra,85000,7.8,Do it for the Gram,7.09305427737247,4.909287219367554,7.691192968424319,18.450118807652075,5.828759535406486,8.524920380913855,7.939578347417161,7.917208005250949,264,506,128,23,6.017296653684681,6.825633546032616,1.8228933714407498,1.6905979784380711,5.76358399517009,6.912826180544688,5.362049660006816,8.989551396085922,1.0839962577504787,4.774958800512756,876,3.9661007097391443,16:00-19:00,0.40778633056075186,4.449429035361346,2.376690790840514,6.017150379493963,6.942684297468961,77,7.892556536504005,7.601950973014631,5.455283507789472,3.4532380752848493,2.425751676174253,4.33,2024-12-15,0.811631851405264
DG_043,Mohammed Ali Road Food Street,18.9589,72.8333,Food Photography Hub,Mohammed Ali Road,150000,8.2,Do it for the Gram,17.248897140820212,3.1176631828534775,6.744626607775102,9.170484428160515,7.054953696138861,5.014884419991787,6.522808383436379,7.032801672535333,306,739,82,25,7.62145669273771,7.315494429279268,2.254082629884321,1.7103222857569644,7.1480662193262114,6.582513440062682,4.803440484201254,6.591710970259956,9.738450274504531,5.924388642296711,855,5.04460050052715,16:00-19:00,0.3537210595859343,5.912674907626859,1.2897719045569453,4.795596763388843,7.299029657319237,124,5.071163576212238,4.554479391441811,4.985809490668898,8.290849274105266,6.0955815738925185,4.03,2024-12-15,0.8492956941225169
DG_044,Leopold Cafe,18.922,72.8331,Iconic Eatery,Colaba,140000,8.1,Do it for the Gram,21.865343300318973,5.252055826842545,1.7816786466069034,9.380466853880563,6.765410138884822,7.411459214670542,5.562822315185267,7.276175589775193,460,1026,174,23,8.555865776661399,7.542911633007662,1.827256896653278,2.0866487878390134,5.814227634390692,8.369804429797416,6.160503630061109,3.6937014875556806,8.261084273288985,4.8561477707152285,765,4.91498954638538,16:00-19:00,0.19692981921383684,8.541331260588931,1.2279143484712407,4.125517985919793,7.679917541118794,99,9.263972616391097,1.658316838032004,8.814223789741698,3.6838871349244258,6.302244403885668,4.34,2024-12-15,0.8714929534535472
DG_045,Trishna Restaurant,18.9314,72.8311,Fine Dining,Fort,110000,8.4,Do it for the Gram,4.386501551408044,5.454367359619361,8.5269760950276,6.953872474427533,6.718407413177071,5.417178134124127,7.59649974763878,7.934364060918546,194,586,98,28,6.455704684049963,6.274142836506454,1.698468987196413,1.216476116221319,1.1421496469342642,7.228879946873296,4.881278456166907,8.432842926639875,6.116991307972974,3.8127983455881633,1032,5.635736053680155,16:00-19:00,0.23717817263911278,3.742093090121908,1.0773431452971096,6.028881309271079,7.796599149608229,126,6.960494269006442,6.7157472199400825,6.385855748198331,7.25655584929643,2.3448568454105594,4.11,2024-12-15,1.0649247997525357
DG_046,Bandra Kurla Complex,19.0656,72.8678,Modern Business District,BKC,180000,8.3,Do it for the Gram,3.5801352004036766,6.368961681110967,2.2958763568202905,9.776880774691541,5.467951598748563,5.229481505689786,8.263605278726347,7.009849404680645,367,1005,211,22,8.134936401396025,7.028089663398871,1.016510154139997,1.741836883634108,7.582138495455448,8.554593401587962,5.616353026149288,4.465123371794034,6.345441431131444,6.001841800450118,1214,5.853008074603649,16:00-19:00,0.2583777977648108,6.481213370813476,1.9555496598456035,7.540756935021054,7.290515037819723,123,9.134068105475384,9.473525411300043,6.229498457339069,4.86603409966852,1.8751957997268653,4.07,2024-12-15,0.8570056724506369
DG_047,Antilia Building,18.9778,72.8089,Architectural Marvel,Altamount Road,120000,7.9,Do it for the Gram,9.129443316075784,3.6771686959907774,5.082023473168599,7.058824375898625,7.233743777963635,5.275739268373182,7.057608903709557,6.866511013021515,187,620,117,26,4.795818462379877,7.133783953178202,1.578734749687415,1.7088622131843163,3.2367052164027212,7.34086931476258,4.883477692718352,5.060309066266067,4.129031677129012,3.7636814721113665,701,6.116770683558662,16:00-19:00,0.12139083499450237,2.6544735161981436,1.4603917182307002,5.168759017051983,6.870807905104746,82,7.1850238052210615,6.207581416567368,7.20700866266833,4.611086907676727,3.8741639198026747,4.08,2024-12-15,0.8767625326483864
DG_048,Lower Parel Mills District,19.0134,72.8333,Converted Mills,Lower Parel,160000,8.1,Do it for the Gram,10.244223044076858,3.786614039511054,3.3335732027020533,12.663683677571765,6.396064113932273,7.570736911057027,7.0227661182188585,8.477614250453348,390,1063,131,14,7.647922152226776,6.135046146905113,1.4842336253533697,1.9165688460405035,8.447693181003357,7.52672652446107,5.649051705239623,4.2621661886201165,1.9894115506853258,5.761069820562783,761,5.045012194118259,16:00-19:00,0.2424259311206554,2.227283949840872,1.3795869646190286,3.094809014577594,6.547999053638644,72,5.689590918036642,1.6810284924597072,4.325110018639606,5.36499588169889,4.075340438479897,4.16,2024-12-15,0.8297147432907456
