location_id,name,lat,lng,type,area,built_year,heritage_status,vibe_category,building_age,heritage_density,tourist_attraction_density,distance_to_heritage_precinct,historical_significance,commercial_density,distance_to_transport,green_space_density,pedestrian_area_density,conservation_score,weekday_visitors,weekend_visitors,tourist_season_visitors,guided_tour_frequency,photography_permits_daily,historic_building_density,modern_development_ratio,green_heritage_space,stone_masonry_coverage,tourist_infrastructure,avg_building_height,heritage_building_density,architectural_uniformity,facade_preservation_score,courtyard_open_space,heritage_signage_density,restoration_activity,tourist_pathway_density,international_tourist_appeal,domestic_tourist_appeal,photography_popularity,educational_value,cultural_events_frequency,heritage_walk_inclusion,structural_integrity,maintenance_frequency,restoration_budget_index,conservation_priority,architectural_significance,peak_visiting_hours,seasonal_variation,guided_tour_availability,vibe_intensity,data_collection_date,confidence_score
OS_001,Gateway of India,18.922,72.8347,Colonial Monument,Colaba,1924,UNESCO World Heritage,Kickin' it old school,100,11.209547607274645,19.000723766553506,0.0,6.456652133229228,13.610650848427223,390.83304757190666,10.076060953593764,4.7332931990667815,9.566970346166938,5337,21469,37954,6,6,0.8571949195857201,0.6226856893821415,0.27044920358684865,0.2428603191501607,0.011835150483874596,7.572132082933484,93.18987217743933,0.7182887464575565,0.5298623277340613,0.1573088814603666,10.106410265887526,0.2537738685336044,4.805872529942826,10.0,9.900497499000618,11.276611017260747,8.884708211893187,4,1,9.591712972191893,5.184498752683214,6.302285985317229,9.656817064049427,10.7,10:00-17:00,0.23503721476290312,1,5.0,2024-10-15,0.9676143684318756
OS_002,Chhatrapati Shivaji Terminus,18.9401,72.835,Colonial Railway,Fort,1887,UNESCO World Heritage,Kickin' it old school,137,15.494059629267543,6.062831696004319,677.782557155907,8.39452879957791,15.36915859634092,108.29520756265232,11.02259756310605,15.28782408685026,9.404994663002933,103162,65116,81927,3,5,0.8253757179717489,0.39332670002367714,0.1598769409363564,0.20506648888062115,0.45655368535814667,3.3216256766201466,80.0524021051771,0.6514447726519919,0.7779232460816723,-0.02692919237732261,8.075162702886256,0.17876961739369981,14.697166879560386,9.81765709008735,9.085312163170736,5.631003018394126,9.194808786262646,2,1,9.713822216266543,3.169039107873592,0.9711912990095248,10.034897908456902,9.7,07:00-22:00,0.316862656278411,1,5.0,2024-10-15,1.034998860983349
OS_003,Taj Mahal Palace Hotel,18.9216,72.8331,Colonial Hotel,Colaba,1903,Grade I Heritage,Kickin' it old school,121,11.862285529451784,8.247689372936605,940.8403746315671,7.80962018822832,14.036327562536048,168.5495801190698,4.321611191520496,8.476643097587033,8.159234279395186,1258,1995,2845,3,2,0.47841799168241095,0.7295065108456713,0.0631529557766649,0.45982296151070867,0.3020101720257203,5.609707288703446,45.701163374539234,1.0438606400822728,0.6971646253890466,0.03293262321807766,9.846541222036064,0.09453233737864825,16.41540601877213,7.848642611359903,6.834437330431356,7.284076734260413,8.780083303696305,2,1,3.8256868458488014,5.1587998300654565,9.791049711656957,8.221926925883006,7.5,10:00-17:00,0.26281798521178834,1,4.17,2024-10-15,0.8222523885234635
OS_004,High Court of Bombay,18.9292,72.8317,Colonial Government,Fort,1878,Grade I Heritage,Kickin' it old school,146,9.909632627123424,5.5720772922415005,1106.8386037348225,8.766900516261714,10.087051196562925,455.09351399323407,10.633520746879805,14.810156823157534,8.907012497577524,5155,2034,3700,1,3,0.740995007320831,0.5081853544529213,0.1677428597248425,0.533863104324644,0.32473341045438536,3.706056596022301,54.572186640199625,0.9091423627983632,0.8094321477929156,0.11431776173313452,4.089044061129355,0.01375908651142288,10.27067680818356,9.004875254502387,9.063915243506017,9.841121184986571,10.545999116601186,1,1,6.56598633666492,3.5289788609751778,10.50670282412818,8.062304418965573,9.5,10:00-17:00,0.5005886734017353,1,4.63,2024-10-15,1.0474005961647745
OS_005,University of Mumbai,18.9292,72.8317,Colonial Education,Fort,1857,Grade I Heritage,Kickin' it old school,167,7.609652144207472,7.9649696108296775,59.19248435656414,9.69060943736676,10.953214798718427,1066.8190800623593,9.974935117479998,16.895840340271278,8.823366037470308,1122,1644,4235,6,1,0.7751421213849958,0.5360678938132339,0.20520166334979742,0.3453448005727943,0.20743543831584438,4.658102497637294,73.59183573409553,0.6795262357286571,0.53672950392411,0.06396990645346831,0.9213282609393261,0.1973307343063242,12.81283222322622,7.687334960211402,6.847985230552335,10.134115801553687,9.652632011556214,1,1,8.482988004161108,4.977219378302049,5.126724465049842,8.40231207571653,7.0,10:00-17:00,0.32536038953620894,1,4.31,2024-10-15,0.7162367867752858
OS_006,Mumbai Municipal Corporation Building,18.9314,72.8311,Colonial Government,Fort,1893,Grade I Heritage,Kickin' it old school,131,7.1520941471807715,10.025600950233974,1377.423469463919,10.10285070900453,13.725677919992822,145.5710020292978,8.8309104060285,12.80265063119167,8.416299251749747,6128,2074,4509,6,1,0.6031182358987224,0.5269694506426141,0.10404740113231117,0.4588695928204953,0.24782878533528108,4.081467947921242,107.48713500686708,0.8107331884049434,0.8999017913011488,0.008032785766431752,11.98869163093477,0.16461001614560422,16.95509064214026,8.728412003782717,7.318306159999254,7.687767767003946,8.976028660187161,1,1,5.939942731420965,4.266454185574314,7.390534097869547,8.702385390315388,8.5,10:00-17:00,0.5027095216533748,1,4.5,2024-10-15,0.7980808259921892
OS_007,St. Thomas Cathedral,18.9314,72.8311,Colonial Church,Fort,1718,Grade I Heritage,Kickin' it old school,306,16.848189636835833,6.056699118064705,1012.6795523022085,10.421282237328121,4.593849727336617,1088.1389930229795,16.460497016346174,6.9109270649580585,8.461147367237965,977,5466,5075,5,0,0.8779144512981685,0.3168956719391695,0.24754831956679016,0.4511133671091938,0.1728945389661345,3.5095237496243774,53.34503273134337,0.7112633430796327,0.7375461032644633,0.009881911928539724,8.985382672651227,0.1227962988316976,11.244477310150955,6.467437689062771,6.299850328835483,7.844341487951786,9.058683053535397,3,1,5.759399336674796,4.329897586243504,6.130903551662872,9.063024622111788,6.0,10:00-17:00,0.1804344055102505,1,4.21,2024-10-15,0.9282767546386548
OS_008,Asiatic Society Library,18.927,72.8324,Colonial Library,Fort,1804,Grade II Heritage,Kickin' it old school,220,6.06850009500141,6.837685924044584,505.94823331642044,10.109736341054239,11.400917274520674,340.49698003128015,13.869796226487917,9.13060257395721,6.728542413911485,792,748,2032,4,4,0.6907219619835091,0.5315160938986863,0.15365133547710058,0.39210936952952397,0.3133146564476146,4.241089706705105,60.320838364747644,1.0059754725970076,0.8566061482108056,0.07109516777166189,9.868799359916395,0.22626504942038006,4.148140353064182,5.635007201027538,5.589856106966667,10.125634825049111,8.827148619083438,5,0,7.549442458896932,3.76009285423182,5.646160313553686,6.572842903034079,6.0,10:00-17:00,0.2432103617228351,0,3.8,2024-10-15,0.9012575516236284
OS_009,General Post Office,18.9379,72.8354,Colonial Post,Fort,1913,Grade II Heritage,Kickin' it old school,111,8.471136909021853,7.404982821291581,946.8776556283349,7.713402426252894,6.738564236467905,801.6932351028288,9.378222045750714,13.191905212070639,7.113933279617471,1024,1633,3726,2,0,0.7806403255917143,0.14106941620082464,-0.02637823138552653,0.2837093419187594,0.33474427029440545,1.1243784662667933,54.72696221338563,0.5069125118464737,0.7306752379268618,0.06966186790122275,7.436996616012646,0.16664330649594578,6.925233953939501,5.65546810534705,5.895198347417036,9.09943137162384,8.859660079181483,2,1,8.57290611695215,2.0142890811500895,10.127536899145381,7.512843645208197,6.0,10:00-17:00,0.3068894110316296,0,3.53,2024-10-15,0.789220461508938
OS_010,Prince of Wales Museum,18.9269,72.8324,Colonial Museum,Fort,1922,Grade I Heritage,Kickin' it old school,102,19.838542984155474,6.206287448877015,599.413872267873,8.610738362290451,13.36095545342732,606.0454605164223,11.51693031757748,10.604147466524356,8.572108021681647,3997,14693,17089,2,1,0.39639882614377475,0.2448862888589664,0.3221630070359439,0.3494459653010549,0.3480434684703237,4.7860876047361876,24.830037184268825,0.8742881286381091,0.9203385523547031,0.08187268898412785,10.016928124689528,0.18072197143032098,12.739491716779465,5.647849386779343,5.263961564338209,8.724752793474853,7.499226334966316,3,1,7.398928720742491,3.909257720286878,1.8705735095272154,8.764259573338583,6.0,10:00-17:00,0.19667609983742657,1,4.92,2024-10-15,0.9516573912600038
OS_011,Eros Cinema,18.9314,72.8289,Art Deco Cinema,Churchgate,1938,UNESCO World Heritage,Kickin' it old school,86,9.02923199140422,14.402155654231873,791.6625058336043,7.742436875611705,11.97449775062553,639.8236088052253,5.447693294970419,16.87461629991391,9.490794963728538,1854,5069,7003,4,4,0.9079337425642757,0.38936189914387376,0.22630105241844498,0.5115463071357417,0.2268846584044782,3.388835264998645,64.53732058160311,0.6794715433859768,0.8154000892821237,0.2633845432806122,9.467497248894862,0.15993919467195822,12.055381496960786,8.633134346207317,8.509346787740029,6.998291001553477,8.486809216615464,2,1,8.23379284062448,3.1747156951057476,8.099021623483633,9.810807954171038,8.8,10:00-17:00,0.262413346011941,1,4.86,2024-10-15,0.8535352610233924
OS_012,Liberty Cinema,18.9347,72.8278,Art Deco Cinema,Marine Lines,1947,UNESCO World Heritage,Kickin' it old school,77,8.524794895944131,13.932711617403003,1141.0653620607168,6.328967470103253,9.104160673866481,777.3435238346335,11.3706518848456,18.42682705542346,9.569253719002297,1464,4280,2748,6,2,0.7455087444403578,0.16691382745741612,0.24701059960657284,0.5871160237371866,0.2679264641475138,5.172128635632864,48.873772218215876,0.7636279323461576,0.830011084691547,0.12996024448977173,8.678606516085233,0.23738159591530092,14.945494830002708,9.18252076232229,7.907525166891354,7.637844287698838,7.260850562203915,2,1,5.829504972104408,3.0634880300568037,10.024550537063455,9.427239552732338,8.8,10:00-17:00,0.38147743563036424,1,4.88,2024-10-15,0.9596727012014635
OS_013,Metro Cinema,18.9347,72.8278,Art Deco Cinema,Marine Lines,1938,UNESCO World Heritage,Kickin' it old school,86,11.160770588246889,13.48155923576693,1194.848121172402,6.409578078564569,9.68763757521248,484.3244170765095,15.50182552881109,15.166384181394733,9.793067887528817,869,4295,4868,8,2,0.4370464058425627,0.4766584264468744,0.19715689360649635,0.44973812513431116,0.06544805926361005,3.944658975290887,82.18631668401164,0.7524182508414938,0.8203229135572274,0.06266198594014098,7.216379808589233,0.051171608258468004,12.716296324469662,9.182296777446261,8.541853522978453,6.7740436837755205,9.741880100360321,0,1,7.256217934668075,3.810520728681194,6.88815816847423,9.933960376094644,8.8,10:00-17:00,0.4155619201821273,1,5.0,2024-10-15,0.9816751809174451
OS_014,Regal Cinema,18.922,72.8331,Art Deco Cinema,Colaba,1933,UNESCO World Heritage,Kickin' it old school,91,12.707351955560675,18.502248854867894,808.5308207528375,6.948978656232978,10.954883488104876,683.5063071007246,9.45165340663673,11.773214883360277,9.818385800431859,1821,5305,7909,9,5,0.6043245060813379,0.46230920471618925,0.19453230954700562,0.5934684483047855,0.10989136127556223,5.588908845902619,106.06683862535735,0.9078425427490353,0.7594078827381867,0.15951509350266077,3.5728349498409777,0.3648385972150713,12.533276269643439,8.468610524155576,7.334392137738271,7.307900760612219,9.20731190966347,2,1,3.9937103949293027,5.301923688335309,6.302139773135131,9.714182856924209,8.8,10:00-17:00,0.3490165191057455,1,4.89,2024-10-15,0.8743141832366293
OS_015,Marine Drive Buildings,18.9436,72.8228,Art Deco Residential,Marine Drive,1940,UNESCO World Heritage,Kickin' it old school,84,13.623132786086263,6.7989117528230745,781.4734900803231,6.312448759762867,6.5861729549508965,514.7497303931865,10.30399270688543,11.397845542084035,9.82610547624508,2294,6282,11953,5,2,0.975492104054542,0.7296790200764834,0.10524833463421898,0.5356743494129995,0.38944667848528636,2.868300152869818,67.248814064724,0.4583510802439384,0.43498281012315715,0.15677160815459903,4.366145872945558,0.06840671751498381,18.605736573726343,7.121542233530963,6.890807860308298,4.8986326936253395,8.032627695094849,7,1,7.420917393577428,3.6484890305056306,3.994581397935474,9.384872709461117,8.1,10:00-17:00,0.3610143803604139,1,5.0,2024-10-15,0.7167798942459987
OS_016,Oval Maidan Buildings,18.9269,72.8289,Art Deco Residential,Churchgate,1935,UNESCO World Heritage,Kickin' it old school,89,8.787581409433791,10.269265578345134,611.9966639082304,7.2004816613905565,5.170018168349285,458.19902494331075,11.224248888633662,17.21773064566327,9.558799863292776,3747,6665,12948,10,3,0.6748083479910939,0.5120029931573783,0.1934304648605255,0.4646303479009429,0.36963092538341735,6.811442936028052,57.8562434645901,0.7066129068843688,0.7137357317406613,0.18900127655876597,16.37213453772341,0.04124975594146835,11.927156366082498,7.504681288627368,6.623699629180352,5.349634912700215,7.170656276673359,2,1,7.5420700091033295,5.2790181703697545,6.999892240783616,9.995128968489428,8.1,10:00-17:00,0.27647708338713994,1,5.0,2024-10-15,0.8482687430943952
OS_017,Backbay Reclamation Buildings,18.938,72.825,Art Deco Residential,Nariman Point,1942,UNESCO World Heritage,Kickin' it old school,82,12.125196372614337,3.449069403348311,589.5097589081231,6.41627560479901,13.249179228610245,0.0,9.306812139417762,13.069454528538461,9.523101849805196,1828,5376,9838,3,2,0.6603524418546858,0.5594103536544349,0.014715657399944071,0.5337762248070412,0.2813299812596176,4.737440218541855,30.444256612365933,0.7360102129688413,0.7305754117961777,0.004447399149390574,13.583634785205877,0.24041912541334887,8.709910678939142,8.750175242056553,6.6757436147095985,6.253048075452803,7.943665548765031,3,1,6.685119531003391,4.327308491227676,6.723231709442147,9.619853129056082,8.1,10:00-17:00,0.4443016865878191,1,4.75,2024-10-15,0.7414132707628998
OS_018,New India Assurance Building,18.9314,72.8289,Art Deco Commercial,Fort,1936,Grade II Heritage,Kickin' it old school,88,6.142180468215768,5.575254210026629,450.1536475151796,6.210291126676525,8.772190230953024,909.0022310010143,8.499572832560238,12.322253040059582,6.709914654555976,931,1336,2200,3,1,0.7098119324391008,0.2672857430820694,0.1131527833375925,0.44781603502348755,0.20843796828000566,6.120280036007834,77.17348410587802,0.930407819344253,0.5470858406980685,0.08960793432690893,8.086080719644942,0.2584936053656888,8.428105852766912,5.7438222249759825,5.152254388611921,8.040828035707293,8.113185995958492,4,1,7.017936830518229,4.594575038817314,10.217009656619714,7.419474349069312,6.0,10:00-17:00,0.34000894050728325,0,3.74,2024-10-15,0.8982909273985888
OS_019,Phoenix Mills,19.0134,72.8333,Textile Mill,Lower Parel,1905,Converted Heritage,Kickin' it old school,119,1.4115225549195705,6.403939963097496,1455.3005315093342,6.979948621999037,4.862459195141537,558.9286667717888,13.984887133886552,12.569537640122594,6.204019447824051,291,1705,4768,1,5,0.5887851236059859,0.5395495939714713,0.18988360682738475,0.5470265857794903,0.40462929215920973,2.8730199991808054,40.1695348700495,0.7648193361485177,0.5122979027287415,0.01683416045756919,6.561444633694526,0.23345949108799968,15.26912255372427,7.907244177176434,6.261453670606113,7.5070899408008165,8.328603245127827,8,0,7.180850348016573,4.694678929404962,8.629649967038247,5.494462368960187,7.1,10:00-17:00,0.15820553887460354,0,3.89,2024-10-15,0.7832060669386051
OS_020,Century Mills,19.0089,72.8267,Textile Mill,Worli,1897,Industrial Heritage,Kickin' it old school,127,4.8513627632354375,6.890399816577368,1191.2762333305463,8.605156799579575,10.797742564244679,672.525476438762,11.679097430587351,10.921392980964349,6.3750130990333345,797,1324,2594,1,0,0.7878208730451249,0.4670213203000315,0.2333595130193739,0.42356196321561107,0.32285421428799843,3.1253764293476767,45.07166565127893,0.5003326149046243,0.685581752885433,0.12407034638518784,6.376325064912567,0.2880877312918505,11.584471866904606,6.708035031624136,7.105754906691459,8.156049333899677,9.604555234338918,1,1,7.783174538452301,4.58172228231518,7.107816046713235,7.020229898548398,7.1,10:00-17:00,0.3748674793021011,0,3.86,2024-10-15,0.9339038258708838
OS_021,Swadeshi Mills,19.0178,72.8356,Textile Mill,Parel,1886,Industrial Heritage,Kickin' it old school,138,7.064140845305667,6.029840126629472,1109.533905170328,9.360623042972588,8.200162225707372,691.1577087836433,6.723965455334015,6.295195587301506,6.632092415557955,186,1502,4117,2,4,0.7715406667885396,0.1855208255857118,0.11361346656975659,-0.019871224478956118,0.34703292371947986,2.609715422164163,44.48058739603494,0.8170578343012814,0.6521812502890384,0.02965946368965662,9.563078384489698,0.18754304568117725,12.668987150718277,7.335319247576775,5.957963830236133,7.472897395928006,7.583855660143626,1,1,8.759086321945036,4.113231392497648,10.0273861854326,7.048907644079866,7.1,10:00-17:00,0.24628207260062707,1,3.84,2024-10-15,0.7870759681191051
OS_022,Standard Mills,19.0145,72.8334,Textile Mill,Lower Parel,1922,Industrial Heritage,Kickin' it old school,102,2.589276196635934,7.718515468028848,594.9064404160298,8.170415343237412,11.373457022040661,402.450439463224,5.304508451519881,11.65200502858412,6.380018313760429,644,2097,3299,3,1,0.8911572334563362,0.6208583658843416,0.22955595310936577,0.44410462360224906,0.06976804906198814,3.8683485311115473,4.839685498034633,0.4161815967791008,0.8909357402109002,0.19416565234936162,8.939708607745104,-0.022926344795336312,9.138020612699293,7.0966497007327884,5.9727368869835535,9.954227694485072,7.731141393635278,4,1,8.89010257367657,5.740894624852536,8.783581373475212,6.540164731973393,7.1,10:00-17:00,0.5041136349352197,0,3.77,2024-10-15,0.999986775842484
OS_023,Matulya Mills,19.0089,72.8267,Textile Mill,Lower Parel,1925,Industrial Heritage,Kickin' it old school,99,1.062498050953491,9.537858484030812,1072.3115588945361,6.491970876229585,9.2812640425873,717.7506490599488,5.013614589672553,9.370727329969904,6.072985773483092,609,1699,4053,9,1,0.6470045083178617,0.21995211830594297,0.07408648901119498,0.36740793394217675,0.27611137124084245,0.4794856999227348,67.72244480263812,0.7436733818259763,0.44106619827559146,0.24086004796974453,8.897217371723757,0.01114287884233986,12.691243740831538,7.544621607402735,7.004087588576179,5.749846470103636,7.793470840005624,2,0,5.220540144446109,3.724032756958174,4.927329076979012,6.3624878974377275,7.1,10:00-17:00,0.20819756408814363,0,3.78,2024-10-15,0.859996279287696
OS_024,Tata Mills,19.0267,72.8445,Textile Mill,Dadar,1912,Industrial Heritage,Kickin' it old school,112,4.543393741956885,12.144367777152603,1290.3303435336516,9.401530998430799,5.562012145426115,963.6127917549791,7.530325472950463,5.1014792304428225,6.127312339593654,576,1284,3180,4,2,0.829327063867101,0.0023319326116449934,0.31022376873817437,0.37975539810876247,0.2822571237356626,3.09828216172213,40.674079286375736,0.5074189502745377,0.7499304661042532,0.19228215604024973,6.255164440593558,0.2950527083945037,8.416248617211838,7.476828027853728,6.124790801679167,9.10262469253091,7.505271405079608,1,1,6.776363706228629,5.5174194673585735,7.470775443488545,6.407725977721562,7.1,10:00-17:00,0.30058406855444336,0,3.69,2024-10-15,0.8067638191345594
OS_025,Sewri Fort,19.0067,72.8556,Colonial Fort,Sewri,1680,ASI Protected,Kickin' it old school,344,4.669025109610878,4.090273311483248,300.0464529452298,9.88523630363406,17.756606421866316,820.3303993781542,10.709883586147061,20.044202001277995,8.364700145030852,602,2220,4575,4,1,0.6463609603033926,0.22745853228018376,0.07653096018526823,0.3915389524960068,0.2292015874677312,5.349998306473445,66.10062657258104,0.7416283529414766,0.9157674606356284,0.11417687181509634,7.6453608974670475,0.013086815192826728,13.464912794717286,9.305384913340799,8.687424911229932,8.338085706901603,8.235218894347884,2,0,8.36020343023026,2.263981594773697,5.813749770787122,7.8109721317037515,8.7,10:00-17:00,0.41656400252813075,1,4.04,2024-10-15,0.7922374565533271
OS_026,Mahim Fort,19.0378,72.8356,Colonial Fort,Mahim,1540,ASI Protected,Kickin' it old school,484,7.961932809218217,4.70626030299697,129.66610637725057,9.064191212889142,25.12549886225805,61.5985238125686,11.393702232547659,8.630652397603498,7.143769668458173,384,1984,4883,5,5,0.48675610247081297,0.4847837154707889,-0.046913859914637646,0.27692131680773935,0.30807295945449337,4.055392133057636,49.785747656297815,0.8631639439746956,0.8442468612636039,0.17413661723739654,5.669076665820759,0.30589601795852744,10.330908686133542,9.080775711593793,8.260146110624845,8.56282980626232,10.371519616361363,5,1,6.036518457690871,5.178202579497378,5.198514175225233,7.992677271413201,8.7,10:00-17:00,0.3446962959581054,1,4.17,2024-10-15,0.8036068020647965
OS_027,Worli Fort,19.0089,72.8111,Colonial Fort,Worli,1675,ASI Protected,Kickin' it old school,349,11.166262182187184,8.328585456657379,61.31636325569346,9.618776148552799,18.708624704825827,783.8705358674637,5.288982241312915,14.355466455389248,7.725264221885301,387,1888,4415,0,2,0.8178939883683267,0.47542769948598806,0.10427635319856719,0.28797398965855914,0.3079059444947117,6.045658963620241,46.873858200693,0.8478365620884694,0.6836092866418236,0.3082887296069804,15.201021470085816,0.08160099123363353,8.911797118719461,9.28685085817558,7.751023401626021,9.691067000472843,8.0063494475537,4,0,5.636059321383536,3.100074086504084,6.3199041087516346,7.739751385366091,8.7,10:00-17:00,0.2590956267885712,0,4.07,2024-10-15,0.9793384438351453
OS_028,Sion Fort,19.0434,72.8634,Colonial Fort,Sion,1669,ASI Protected,Kickin' it old school,355,7.5032313879606525,6.418560407341489,118.45335977621568,10.47824233754855,15.149102422104466,970.9409612452296,8.827880682947361,16.427137119144085,7.580865365994499,381,1654,4127,4,4,0.8087641333842721,0.2242400385475705,0.20397048736310366,0.3729089370399065,0.269664701012894,6.886591329577882,50.01768203003638,0.9252359885121102,0.49535355495867267,0.13740832057912059,8.378213081732213,0.1558553547172742,6.6213521546942165,8.83966012288718,8.737606873651103,7.788091356704615,6.810449341846175,3,0,6.456415471864499,3.0522909896408565,6.015238712197168,7.809094939632853,8.7,10:00-17:00,0.30388534193297295,1,4.32,2024-10-15,0.6971495226837585
OS_029,Crawford Market,18.9467,72.8342,Colonial Market,Fort,1869,Grade I Heritage,Kickin' it old school,155,13.476277751163842,4.8622749994031285,390.04504151937755,9.020562926347722,19.285538812294632,622.3981490681919,11.368207664504473,8.984124605008597,8.14549233704796,1041,2197,4086,6,2,0.6840088856775726,0.2249246708307301,0.1934490991144873,0.3575579258386076,0.30859049226893664,2.2473252374163355,68.15203340167704,0.8292184014953181,0.520750717783226,0.08166407820470098,4.90628668278751,0.22893240571042134,11.083797271082693,5.505828904338099,5.300833781186824,7.977218855744335,8.504368392347361,2,1,7.948526834046105,3.7528324558188615,8.35295432504967,8.597688787692052,6.0,10:00-17:00,0.3077994078004702,1,3.91,2024-10-15,0.9213147750809604
OS_030,Zaveri Bazaar,18.9467,72.8342,Historic Market,Zaveri Bazaar,1700,Historic Market,Kickin' it old school,324,6.146693552601338,4.930054606312323,1052.460242871066,10.462322888194834,14.880837764142653,775.8333808347752,11.389566256263805,11.272354648009852,5.959050662105313,5588,8137,12241,5,2,0.5992004109125624,0.2918826061744075,0.2046451604085942,-0.011391366038802586,0.23051621883391962,3.4409426915731443,59.42948749952792,0.5351039910314644,0.6768842185999463,0.10990973273822519,13.443074164533822,0.2872503381907289,15.084047598464608,6.905545685762747,6.726136414820143,5.8666952223769355,7.020002554957372,3,1,8.282176181104651,4.051314927173881,6.198503171999518,5.951835682777146,6.8,10:00-17:00,0.2994516299065129,0,3.45,2024-10-15,0.7742077185425824
OS_031,Mangaldas Market,18.9467,72.83,Historic Market,Bhuleshwar,1850,Historic Market,Kickin' it old school,174,3.587971956311334,6.4042562733809705,1052.5752117977215,9.438203451229638,18.56275868869703,911.8737855818001,9.582409318246683,9.749884955729652,4.861365185244264,6506,5467,8659,4,2,0.580483666934533,0.016771367956219696,0.138244804974373,0.5736416194329335,0.3404444671553374,0.37779414268136513,66.6246601307586,0.7616451835295633,0.7644522911406662,0.23133358282032768,9.484724918861701,0.2005516259404549,6.166717994704084,7.095525756478617,6.68662011341788,10.768516611864385,8.955052715144529,1,1,6.15491034409688,4.86752045953788,4.560453984127081,5.68041507884381,6.8,10:00-17:00,0.29809474996835156,1,3.59,2024-10-15,0.894301060182322
OS_032,Chor Bazaar,18.9589,72.8333,Historic Market,Chor Bazaar,1840,Historic Market,Kickin' it old school,184,7.50260232868815,8.219695305416002,325.73623363804484,9.025785447138919,15.647535444893222,282.497142830836,4.746468333711204,15.395921142353282,5.435095756681798,7710,6981,14025,5,2,0.5674190564792267,0.5640187783145331,0.20536609045131418,0.17939441893304725,0.06711011480904117,6.773313047427056,74.82946069150871,0.49143735288624235,0.6346030557316932,0.05311974776546731,12.84549872130004,0.2127903456344446,12.575500121804332,7.066972362090823,6.214005525275956,7.614095176336043,10.902631621367599,4,1,6.27963823665929,3.8638637805348592,9.269029647814495,5.908601834370749,6.8,10:00-17:00,0.5611133312088565,1,3.61,2024-10-15,0.8511686593924265
OS_033,Bombay Gymkhana,18.9269,72.8289,Colonial Club,Fort,1875,Grade I Heritage,Kickin' it old school,149,19.738026688020565,3.6446905062334283,791.4658771914842,8.086515414736146,8.605474150440665,621.7355889306651,10.673689086488334,9.005932896091018,8.443587211400555,825,874,1097,3,4,0.5993071180613596,0.6059532363587463,0.14967741246596747,0.24731146349206706,0.14646016593360806,3.769664527938084,77.97321234603142,1.202719500966079,0.6305127254480036,0.15927232628375082,6.343427464985511,-0.016993940694206594,6.902624303566642,7.43791475469155,7.663921646643682,7.405496622750972,5.641865865565303,3,1,7.053773593439626,6.0880904582201865,7.739303449577862,8.213990389029744,7.5,10:00-17:00,0.3511739220469112,1,4.35,2024-10-15,0.9742640749848492
OS_034,Royal Bombay Yacht Club,18.9178,72.8289,Colonial Club,Apollo Bunder,1846,Grade I Heritage,Kickin' it old school,178,9.144416497089802,5.460190735332537,1224.7276473300883,9.466589101960865,7.265766621105344,338.4423989482957,12.012334098879734,15.350240590973673,8.856869207368712,327,593,966,5,4,0.636246058805424,0.3124010330560594,0.29717745311610194,0.14436427403976154,0.34849487856298944,4.634228422066679,51.61331382107532,0.7826199126514399,0.5841191990274268,0.18152918440797935,6.165535525863577,0.25869399941197163,7.3757032758243675,7.720768572218063,6.351462404119935,8.655544624644678,9.09430092248955,3,1,7.657672593143403,3.47401665984753,5.84764662474122,7.927180923148582,7.5,10:00-17:00,0.2693539199995427,1,4.28,2024-10-15,0.8785069987922116
OS_035,Wellington Club,18.9269,72.8289,Colonial Club,Fort,1860,Grade II Heritage,Kickin' it old school,164,8.582195989736702,5.433678383118597,907.8783294201049,9.73541553720182,5.2981751395673875,768.9579467071292,12.044179057608503,18.92294357224049,6.563425934302562,385,805,917,3,4,0.5821640865058105,0.34762537672194027,-0.0758348549867664,0.44596276035861365,0.28910358814986975,5.796602612274358,69.29115757979109,0.7162769634452476,0.6362106124684918,0.13017952769621607,10.213995168258396,0.06914268586579361,9.447096496262155,6.460519371693238,7.340253510749023,8.741752611341882,7.533461353923938,1,1,6.704038847962158,3.8829938275366116,6.7977478081737255,7.7818455551878944,7.5,10:00-17:00,0.3608903495929527,0,4.24,2024-10-15,0.692734310991128
OS_036,Rajabai Clock Tower,18.9292,72.8317,Colonial Tower,Fort,1878,Grade I Heritage,Kickin' it old school,146,11.260962140339167,5.06246033995108,1398.9209955147453,8.57191837581146,4.172383957848648,754.6762007056532,8.54814487250955,18.73586164537511,8.417989164529724,1415,1635,3504,2,9,0.9135771030310056,0.0,0.1868885473014762,0.6581441852072493,0.08128253467127447,6.067257568665385,68.1893556396646,0.8435107836781024,0.7141962412180406,0.27325503623749653,9.034029676711757,0.19680546568149207,14.088426784663639,5.604364245871807,5.362721942922246,9.891481763611491,7.6527677509689775,2,1,6.673143989688542,5.565350151541788,6.841380297148663,8.734749526736403,6.0,10:00-17:00,0.2868241627668448,1,4.08,2024-10-15,1.0005752859496324
OS_037,Flora Fountain,18.9314,72.8311,Colonial Monument,Fort,1869,Grade I Heritage,Kickin' it old school,155,14.83751845828006,14.870699832140472,900.2802566445084,9.674010184918057,6.704198377784715,465.8686910385904,10.375300243325523,10.094039994134185,8.148156800426595,6274,24993,49271,11,1,0.7984595042906849,0.6580835869590043,0.161879950327564,0.6192871842789867,0.15157178776056807,3.341814385327097,77.27868109975714,0.7552702040048356,0.7288473623548004,0.10362797881487984,4.279556839071493,-0.01907441066195656,17.713297492152805,9.13831899505341,9.146301291891028,7.122333525897437,7.3606517663611655,3,1,7.326003762847238,4.900346794292245,5.477645616355146,8.700751142839708,9.2,10:00-17:00,0.34745633032312107,1,5.0,2024-10-15,0.7553213492119287
OS_038,Afghan Church,18.9269,72.8324,Colonial Church,Navy Nagar,1847,Grade I Heritage,Kickin' it old school,177,12.037934933554904,5.90751962359167,1176.0558177079924,9.965117024795838,14.40760217769347,347.4301809200376,9.275961807633582,9.707094154606635,8.278920565947983,396,2694,4010,4,3,0.7259032684000042,0.5509874335661613,0.13649210670440393,0.456094447702781,0.2350338678734218,6.37529720706061,58.87968776269522,0.6799556303682899,0.5223621012488188,0.08725937699739665,5.3842535825863305,0.02935233288340952,3.1094720505498366,5.542973211119842,5.383050838443677,6.804287855289236,7.043055658564198,1,1,8.670939069516134,4.2756815145047,7.6923321942458855,8.56564884423843,6.0,10:00-17:00,0.3632780625013035,1,4.2,2024-10-15,0.8697786438957384
OS_039,Ballard Estate,18.9379,72.84,Colonial District,Ballard Estate,1908,Heritage Precinct,Kickin' it old school,116,7.032326657214153,6.1030433056703135,142.82933100821185,9.257576785055603,6.795633882169961,814.006829189889,3.8660708440675666,5.710867337520359,7.218189271391709,820,1235,2372,4,2,0.7473751067480598,0.500620591897398,-0.06280946234602941,0.4109744886775139,0.30823694102621546,3.08820490431909,31.610116898016024,1.0241018510527664,0.5877333458030589,0.09090201771336726,7.87072294448761,0.016101744535475443,10.240218520536722,6.34688436449048,5.7876484663176635,8.079811903590688,9.24927217948919,1,0,7.494305345326247,4.684092301655302,8.470833208238826,7.9600201393554,6.0,10:00-17:00,0.3392796350790721,1,3.6,2024-10-15,0.8241076729501392
OS_040,Horniman Circle,18.9314,72.8311,Colonial Garden,Fort,1872,Grade I Heritage,Kickin' it old school,152,18.84995871808424,6.37450838175284,741.3594674619928,9.510011209319487,11.018788689432014,849.084316831408,19.286553108094488,13.680317194897821,8.540517626542227,984,2146,3483,3,0,0.5994647415238253,0.20673434347504185,0.20584383213362262,0.28511252888897676,0.3490377970182583,5.4495770195592765,101.05034308138504,0.7062744402231579,0.7502867527671243,0.24972169267156125,2.1475688000057342,0.16901274017169177,20.21125695065929,6.739742960836017,5.561336632260118,7.253719287267491,8.240381075644464,4,1,5.403933576517952,4.1942520904175336,7.494729476936927,8.21508521908822,6.0,10:00-17:00,0.24277515067136768,1,3.86,2024-10-15,1.001012272690399
OS_041,Byculla Railway Workshop,18.9789,72.8334,Railway Heritage,Byculla,1860,Railway Heritage,Kickin' it old school,164,5.409259657993859,5.120179926835567,1276.0643986113341,8.277784795114233,10.379321093888947,542.5208835759164,10.848453483740434,14.08807934286506,6.440631825397456,535,739,1651,2,1,0.5380999927159987,0.4858957953499991,0.00997742508571664,0.7197349915322271,0.15512655326520688,4.191590643569732,59.814034603806036,0.580965131845545,0.6482787419942019,0.0033683840279816746,10.882989388378325,0.1286067657715933,12.790927115100997,7.0082944972177454,5.782600211873139,4.895308574872552,6.734635631729505,2,0,8.243343920553833,2.4724222308869606,7.924727737861301,6.716444754962561,6.0,10:00-17:00,0.02011428775494184,1,3.54,2024-10-15,1.0210775404517107
OS_042,Churchgate Railway Station,18.9314,72.8289,Colonial Railway,Churchgate,1930,Heritage Station,Kickin' it old school,94,3.8794631034653326,3.429518474618211,0.0,7.645264424737514,4.646900700995387,98.65797093817864,8.383453263571427,1.482752691887045,6.350081225828797,30009,32681,47121,4,2,0.6252356830784769,0.4569331624771492,0.20968311988547364,0.3890947930973768,0.30120156591837205,4.137064771572368,52.3740392488136,0.7272099976003212,0.6800019119782927,0.1352818362586609,4.018721912582873,0.12417345181560724,6.987539371282894,7.79446288009985,8.27334312257946,6.879921770866597,10.083819295376246,4,1,8.139669448981637,4.529377844836347,7.109959798732436,7.133171306641908,8.2,07:00-22:00,0.4124650475657816,0,4.13,2024-10-15,0.9926101521343235
OS_043,Grant Road Station,18.9656,72.8156,Colonial Railway,Grant Road,1925,Heritage Station,Kickin' it old school,99,3.39652299569802,8.20698974416465,825.1191304815558,7.333075179299388,14.560247717070492,91.0293517318422,5.009554752615114,14.749204164421684,6.445378681605365,23638,19760,24405,3,1,0.6044722083286367,0.3251495591756595,0.27360354823249017,0.3614135291524203,0.2603301350483446,6.451951121802373,62.38439920645848,0.575405855775731,0.6461288930932151,0.10018068958121172,5.481796406479042,0.10678000866299947,13.164171556710127,8.936463365096282,7.37443330593198,6.729625805741419,9.333664795572227,6,0,5.542801776065599,4.602302047301167,7.6256310095606255,6.933913214548762,8.2,07:00-22:00,0.3267443541310824,0,4.17,2024-10-15,0.9497234707885508
OS_044,Reserve Bank of India,18.9314,72.8311,Colonial Bank,Fort,1939,Grade II Heritage,Kickin' it old school,85,12.700477442805044,6.358702422911713,771.7615379433909,8.348819214381098,3.588948779094908,686.6807168724035,10.604657100499619,16.549972951663356,7.319873556376655,1097,1578,2521,1,0,0.8953751841054448,0.4674046949074364,0.031031695311782403,0.3543219284689118,0.19738857915186453,7.16084952691952,99.68574760632663,0.6043685267664589,0.7150307739852177,0.004289821880519296,12.288786995256883,0.3485659860381913,11.908285250764544,6.153662475127489,4.914800330659611,7.4052872293659995,8.227120190527843,1,1,5.511227713508854,4.799211515092775,5.935744063175804,7.1069765216704495,6.0,10:00-17:00,0.4798773486000686,1,3.68,2024-10-15,0.732226871012141
OS_045,Customs House,18.9379,72.84,Colonial Government,Ballard Estate,1720,Grade I Heritage,Kickin' it old school,304,11.26368025907364,7.143603706398206,1301.8800621385792,10.032798198609171,8.174815513331936,308.14454893755214,9.30956506960987,15.903767015843544,8.895841079773012,3542,1193,2299,7,2,0.5385990749667219,0.5013534376784787,-0.055855310781309064,0.5379562723894772,0.22490913383694228,4.508533078697383,86.2407232961262,0.9304668387337734,0.8826945369554695,0.10470861301538946,8.404234209446166,0.21934139128561636,13.965704077994696,7.819766657579144,7.75001442265045,7.690906447288386,8.965341188673241,6,1,9.323334717157131,5.058492870507581,7.9760504205773,8.276210488216941,8.5,10:00-17:00,0.20327485255605632,1,4.34,2024-10-15,0.8552602917520548
OS_046,David Sassoon Library,18.9589,72.8333,Colonial Library,Kala Ghoda,1870,Grade I Heritage,Kickin' it old school,154,19.023037198418304,6.4925876931695905,1218.3441087328226,8.186646060115924,14.67694807400525,768.2869002236355,12.867834073449764,15.507772119165876,8.077952815618628,1506,905,1900,2,3,0.7645725373440325,0.3668140971977177,0.2887179886706719,0.34598875398056944,0.19456385783652824,6.8887853138182065,51.11696582249932,0.5260612126125029,0.7828817904607848,0.08565329379655715,6.492269973970613,0.08316464627037483,13.728046475359433,5.921501686664684,5.4337770880304,9.03808701785412,6.921509028666366,3,1,6.4039652115242,4.163240097603422,6.129684528356631,9.01843009838656,6.0,10:00-17:00,0.37460065995780334,1,4.28,2024-10-15,0.9001986793030478
OS_047,Watson's Hotel,18.9379,72.84,Colonial Hotel,Kala Ghoda,1869,Grade I Heritage,Kickin' it old school,155,10.23400557324769,6.860853566055549,1024.6280257030942,9.485186583859656,0.8586869507177024,543.614860808136,10.175637982461332,9.457576677952916,7.929815120731779,1288,1975,2875,1,5,0.6301066855322447,0.6779660270125666,0.16626845345534066,0.3686634371104853,0.22480125868578316,4.908930335815805,36.60350016813386,0.7043445907508737,0.7919634175978452,0.05758951857458798,12.537745750685392,0.19070486809674478,11.126421394865668,5.307795355418044,5.3320659190866015,8.073576606509437,8.914490939677234,4,1,4.835250117582534,4.171741456406158,6.871854338271715,8.288544431845864,6.0,10:00-17:00,0.5596111186684053,1,3.84,2024-10-15,0.806539796323083
